0.004281,-0.000349,0.005054
0.000801,0.000099,0.005054
0.000781,-0.000148,0.005054
0.000317,-0.001005,0.005054
0.003346,-0.002840,0.005054
0.000620,-0.000615,0.005054
0.003806,-0.002071,0.005054
0.004121,-0.001231,0.005054
-0.000096,-0.001275,0.005054
0.002056,-0.004074,0.005054
0.002756,-0.003515,0.005054
-0.000575,-0.001396,0.005054
-0.001067,-0.001355,0.005054
-0.001370,-0.004856,0.005054
-0.005619,-0.000794,0.005054
-0.002118,-0.000388,0.005054
-0.002199,0.000099,0.005054
-0.002118,0.000586,0.005054
-0.005619,0.000992,0.005054
-0.005699,0.000099,0.005054
-0.001883,0.001020,0.005054
-0.004991,0.002663,0.005054
-0.005380,0.001856,0.005054
-0.000475,-0.004896,0.005054
0.000414,-0.004776,0.005054
0.001266,-0.004499,0.005054
-0.001883,-0.000823,0.005054
-0.003816,-0.003810,0.005054
-0.001519,-0.001157,0.005054
-0.003068,-0.004304,0.005054
-0.002244,-0.004656,0.005054
-0.005380,-0.001658,0.005054
-0.004991,-0.002466,0.005054
-0.004464,-0.003191,0.005054
-0.000575,0.001594,0.005054
-0.001370,0.005054,0.005054
-0.001067,0.001553,0.005054
-0.002244,0.004854,0.005054
-0.001519,0.001355,0.005054
-0.000096,0.001472,0.005054
0.000414,0.004973,0.005054
-0.000475,0.005094,0.005054
-0.003068,0.004502,0.005054
-0.003816,0.004008,0.005054
-0.004464,0.003388,0.005054
0.000317,0.001202,0.005054
0.002056,0.004272,0.005054
0.001266,0.004696,0.005054
0.000620,0.000813,0.005054
0.003346,0.003038,0.005054
0.002756,0.003713,0.005054
0.004301,0.000099,0.005054
0.004281,0.000547,0.005054
0.000781,0.000346,0.005054
0.004121,0.001429,0.005054
0.003806,0.002268,0.005054
0.000781,0.000346,-0.002325
0.000801,0.000099,-0.002325
0.000781,-0.000148,-0.002325
0.000620,-0.000615,-0.002325
0.000317,-0.001005,-0.002325
-0.000096,-0.001275,-0.002325
-0.000575,-0.001396,-0.002325
-0.001067,-0.001355,-0.002325
-0.001519,-0.001157,-0.002325
-0.001883,-0.000823,-0.002325
-0.002118,-0.000388,-0.002325
-0.002199,0.000099,-0.002325
-0.002118,0.000586,-0.002325
-0.001883,0.001020,-0.002325
-0.001519,0.001355,-0.002325
-0.001067,0.001553,-0.002325
-0.000575,0.001594,-0.002325
-0.000096,0.001472,-0.002325
0.000317,0.001202,-0.002325
0.000620,0.000813,-0.002325
0.004281,-0.000349,-0.004946
0.004301,0.000099,-0.004946
0.004281,0.000547,-0.004946
0.004121,0.001429,-0.004946
0.003806,0.002268,-0.004946
0.003346,0.003038,-0.004946
0.002756,0.003713,-0.004946
0.002056,0.004272,-0.004946
0.001266,0.004696,-0.004946
0.000414,0.004973,-0.004946
-0.000475,0.005094,-0.004946
-0.001370,0.005054,-0.004946
-0.002244,0.004854,-0.004946
-0.003068,0.004502,-0.004946
-0.003816,0.004008,-0.004946
-0.004464,0.003388,-0.004946
-0.004991,0.002663,-0.004946
-0.005380,0.001856,-0.004946
-0.005619,0.000992,-0.004946
-0.005699,0.000099,-0.004946
-0.005619,-0.000794,-0.004946
-0.005380,-0.001658,-0.004946
-0.004991,-0.002466,-0.004946
-0.004464,-0.003191,-0.004946
-0.003816,-0.003810,-0.004946
-0.003068,-0.004304,-0.004946
-0.002244,-0.004656,-0.004946
-0.001370,-0.004856,-0.004946
-0.000475,-0.004896,-0.004946
0.000414,-0.004776,-0.004946
0.001266,-0.004499,-0.004946
0.002056,-0.004074,-0.004946
0.002756,-0.003515,-0.004946
0.003346,-0.002840,-0.004946
0.003806,-0.002071,-0.004946
0.004121,-0.001231,-0.004946
0.002231,0.001790,-0.004846
0.002231,0.001790,-0.002325
-0.000699,0.003482,-0.004846
-0.000699,0.003482,-0.002325
-0.003629,0.001790,-0.004846
-0.003629,0.001790,-0.002325
-0.003629,-0.001593,-0.004846
-0.003629,-0.001593,-0.002325
-0.000699,-0.003284,-0.004846
-0.000699,-0.003284,-0.002325
0.002231,-0.001593,-0.002325
0.002231,-0.001593,-0.004846
0.002260,-0.001610,-0.004917
0.002239,-0.001597,-0.004884
0.002239,0.001795,-0.004884
0.002244,0.001798,-0.004896
0.002263,0.001809,-0.004914
0.002293,-0.001628,-0.004938
0.002281,0.001819,-0.004933
0.002293,0.001826,-0.004936
0.002331,0.001848,-0.004946
0.002331,-0.001651,-0.004946
-0.000699,0.003491,-0.004884
-0.000699,0.003497,-0.004896
-0.000699,0.003519,-0.004914
-0.000699,0.003540,-0.004933
-0.000699,0.003554,-0.004936
-0.000699,0.003597,-0.004946
-0.003636,0.001795,-0.004884
-0.003658,0.001807,-0.004917
-0.003691,0.001826,-0.004938
-0.003729,0.001848,-0.004946
-0.003636,-0.001597,-0.004884
-0.003658,-0.001610,-0.004917
-0.003691,-0.001628,-0.004938
-0.003729,-0.001651,-0.004946
-0.000699,-0.003293,-0.004884
-0.000699,-0.003318,-0.004917
-0.000699,-0.003356,-0.004938
-0.000699,-0.003400,-0.004946
-0.000703,-0.004902,0.000016
-0.000704,-0.004901,0.000011
-0.000699,-0.004901,0.000103
-0.000702,-0.004903,0.000025
-0.000701,-0.004904,0.000048
-0.000701,-0.004904,0.000041
-0.000702,-0.004903,0.000033
-0.000700,-0.004904,0.000072
-0.000700,-0.004904,0.000064
-0.000700,-0.004904,0.000056
-0.000699,-0.004902,0.000095
-0.000699,-0.004903,0.000088
-0.000699,-0.004904,0.000080
-0.003920,0.003924,-0.001075
-0.003919,0.003924,-0.001073
-0.003922,0.003921,-0.001143
-0.003921,0.003924,-0.001095
-0.003920,0.003924,-0.001089
-0.003920,0.003924,-0.001082
-0.003922,0.003924,-0.001116
-0.003921,0.003924,-0.001109
-0.003921,0.003924,-0.001102
-0.003922,0.003922,-0.001136
-0.003922,0.003923,-0.001129
-0.003922,0.003923,-0.001123
0.009114,-0.006103,0.000246
0.009208,-0.005899,0.000113
0.010761,-0.006092,-0.000013
0.015954,-0.004363,-0.001632
0.016785,-0.004452,-0.001655
0.016759,-0.005291,-0.001281
0.018928,-0.004682,-0.001715
0.019761,-0.004719,-0.001700
0.019738,-0.005387,-0.001392
0.038631,-0.003489,0.000075
0.043438,-0.003348,0.000631
0.043366,-0.005102,0.001443
0.093901,-0.003329,0.001718
0.096855,-0.003185,0.001673
0.096829,-0.004158,0.001975
0.099826,-0.003040,0.001627
0.101186,-0.009222,0.002715
0.101102,-0.009727,0.002805
0.099681,-0.010076,0.002981
0.101037,-0.010124,0.002870
0.100850,-0.011256,0.003055
0.102234,-0.002923,0.001590
0.101761,-0.005769,0.002098
0.101255,-0.005757,0.002109
0.084639,-0.003567,0.001703
0.090493,-0.003417,0.001712
0.090895,-0.004017,0.001995
0.090915,-0.003406,0.001713
0.067101,-0.005228,0.002507
0.071231,-0.003616,0.001637
0.078978,-0.005310,0.002562
0.078683,-0.003589,0.001674
0.079043,-0.003587,0.001676
0.055053,-0.003453,0.001496
0.055290,-0.003457,0.001506
0.055282,-0.003612,0.001617
0.055748,-0.003464,0.001525
0.066861,-0.003573,0.001606
0.067169,-0.003576,0.001608
0.050436,-0.003386,0.001308
0.049347,-0.003569,0.001339
0.049358,-0.003375,0.001207
0.043757,-0.003339,0.000668
0.044364,-0.003321,0.000738
0.049341,-0.003374,0.001205
0.031561,-0.005113,-0.000209
0.031608,-0.003988,-0.000746
0.032867,-0.003898,-0.000598
0.038285,-0.003513,0.000035
0.024776,-0.004671,-0.001463
0.025688,-0.004578,-0.001368
0.025661,-0.005280,-0.001026
0.027462,-0.004398,-0.001183
0.031237,-0.004014,-0.000789
0.021741,-0.004805,-0.001664
0.021781,-0.004804,-0.001661
0.024702,-0.004675,-0.001468
0.018841,-0.004673,-0.001712
0.009542,-0.005169,-0.000365
0.009791,-0.004625,-0.000721
0.010783,-0.004748,-0.000803
0.009865,-0.004464,-0.000826
0.015445,-0.004308,-0.001617
0.013772,-0.005075,-0.001059
0.013795,-0.004035,-0.001536
0.010787,-0.003536,-0.001388
0.010312,-0.003458,-0.001364
0.008373,-0.007505,0.001709
0.008586,-0.007167,0.001200
0.010725,-0.007342,0.001002
0.008840,-0.006655,0.000741
0.008306,-0.007612,0.001869
0.008319,-0.007591,0.001839
0.010695,-0.008162,0.002286
0.010706,-0.007855,0.001646
0.011220,-0.008283,0.002377
0.013673,-0.008135,0.001424
0.019593,-0.008957,0.001798
0.016593,-0.009354,0.003217
0.016623,-0.008802,0.001938
0.013742,-0.008829,0.002796
0.013653,-0.008561,0.002153
0.013641,-0.008810,0.002781
0.012957,-0.008684,0.002680
0.019547,-0.009831,0.003608
0.019296,-0.009798,0.003579
0.019552,-0.009742,0.003330
0.018229,-0.009655,0.003458
0.025470,-0.010559,0.004184
0.024890,-0.010499,0.004144
0.025475,-0.010385,0.003857
0.023299,-0.010333,0.004034
0.022726,-0.010256,0.003969
0.031394,-0.011150,0.004451
0.030447,-0.011060,0.004431
0.031396,-0.011048,0.004341
0.029292,-0.010950,0.004407
0.028438,-0.010869,0.004389
0.033928,-0.011390,0.004504
0.037317,-0.011343,0.004210
0.037317,-0.011696,0.004482
0.041604,-0.012084,0.004454
0.043234,-0.011630,0.004200
0.043239,-0.012232,0.004443
0.049152,-0.011877,0.004308
0.047204,-0.012546,0.004403
0.043608,-0.012265,0.004441
0.055079,-0.012053,0.004414
0.052816,-0.012984,0.004344
0.049163,-0.012698,0.004382
0.060713,-0.013351,0.004174
0.055090,-0.013095,0.004297
0.053068,-0.013003,0.004342
0.061024,-0.013355,0.004166
0.061017,-0.010902,0.004360
0.064837,-0.013403,0.004070
0.066964,-0.010960,0.004173
0.076879,-0.013299,0.003768
0.078844,-0.012498,0.003833
0.077494,-0.013288,0.003753
0.078844,-0.013226,0.003725
0.068589,-0.013450,0.003975
0.066962,-0.013430,0.004016
0.078852,-0.011090,0.003911
0.092998,-0.012350,0.003407
0.090727,-0.012535,0.003464
0.090735,-0.011281,0.003646
0.088905,-0.012684,0.003509
0.088440,-0.012721,0.003521
0.099139,-0.011537,0.003149
0.098357,-0.011665,0.003192
0.096682,-0.011453,0.003323
0.096678,-0.011879,0.003260
0.094895,-0.012107,0.003331
0.016668,-0.007828,0.000611
0.019615,-0.008476,0.001126
0.013695,-0.007624,0.000789
0.019639,-0.007943,0.000514
0.022604,-0.007967,0.000555
0.025539,-0.008492,0.001316
0.025560,-0.007917,0.000779
0.031465,-0.007833,0.001384
0.018098,-0.009631,0.003439
0.019572,-0.009380,0.002532
0.025503,-0.009525,0.002505
0.025520,-0.009029,0.001891
0.031432,-0.009033,0.002285
0.037341,-0.009139,0.002740
0.043276,-0.007990,0.002698
0.055078,-0.010816,0.004390
0.049152,-0.010703,0.004108
0.043236,-0.010515,0.003745
0.037323,-0.010298,0.003462
0.031409,-0.010108,0.003269
0.025488,-0.009978,0.003160
0.067010,-0.008175,0.003677
0.066981,-0.009588,0.004010
0.061061,-0.008166,0.003859
0.061033,-0.009561,0.004202
0.055117,-0.008139,0.003844
0.055091,-0.009512,0.004202
0.049190,-0.008090,0.003386
0.049164,-0.009440,0.003804
0.043250,-0.009301,0.003246
0.090752,-0.009799,0.003643
0.090778,-0.008339,0.003446
0.096701,-0.009956,0.003301
0.096728,-0.008499,0.003073
0.099709,-0.008627,0.002716
0.101197,-0.008672,0.002621
0.101278,-0.008674,0.002617
0.099658,-0.011452,0.003120
0.067050,-0.006721,0.003175
0.061102,-0.006715,0.003323
0.061156,-0.005210,0.002587
0.090850,-0.005454,0.002597
0.099768,-0.005714,0.002169
0.096793,-0.005609,0.002377
0.090810,-0.006893,0.003088
0.078896,-0.008230,0.003576
0.078869,-0.009667,0.003826
0.086602,-0.012871,0.003567
0.078932,-0.006778,0.003155
0.019688,-0.006741,-0.000541
0.016715,-0.006635,-0.000447
0.013737,-0.006419,-0.000252
0.055213,-0.005188,0.002560
0.055158,-0.006697,0.003301
0.049282,-0.005150,0.002160
0.049230,-0.006658,0.002841
0.043315,-0.006589,0.002099
0.031508,-0.006522,0.000555
0.025607,-0.006661,-0.000189
0.022653,-0.006743,-0.000475
0.098164,0.007497,-0.000179
0.103895,0.007093,-0.000083
0.102769,0.000297,0.001005
0.039763,0.002555,-0.002349
0.045300,0.003440,-0.001649
0.044497,-0.000162,-0.000468
0.012296,0.001553,-0.002745
0.012308,0.001597,-0.002726
0.015267,0.001454,-0.003398
0.049543,0.010136,-0.003241
0.046650,0.009504,-0.003528
0.046845,0.010429,-0.003768
0.041148,0.008654,-0.004291
0.052711,0.011675,-0.003260
0.058715,0.012386,-0.002816
0.058458,0.011266,-0.002519
0.066650,0.013529,-0.002516
0.070338,0.013466,-0.002305
0.069291,0.008347,-0.001142
0.104126,0.008487,-0.000314
0.098924,0.012061,-0.000984
0.104611,0.011408,-0.000798
0.104554,0.011063,-0.000741
0.064614,0.013435,-0.002648
0.063509,0.008333,-0.001403
0.067643,0.000219,0.000644
0.077694,0.013341,-0.001885
0.080848,0.008092,-0.000689
0.081778,0.013114,-0.001708
0.092397,0.007703,-0.000319
0.097228,0.012256,-0.001039
0.093215,0.012478,-0.001213
0.058893,0.013156,-0.003022
0.052877,0.012325,-0.003454
0.051344,0.012114,-0.003564
0.049914,0.011739,-0.003674
0.046992,0.010973,-0.003901
0.049756,0.011128,-0.003509
0.052481,0.010627,-0.002971
0.057736,0.008126,-0.001684
0.023689,0.002655,-0.004933
0.024254,0.002663,-0.005074
0.021287,0.002172,-0.004630
0.013562,0.001955,-0.002694
0.015375,0.002008,-0.003141
0.015371,0.001854,-0.003221
0.018334,0.002093,-0.003870
0.018322,0.001937,-0.003975
0.019965,0.002140,-0.004272
0.021295,0.002324,-0.004508
0.024246,0.002824,-0.004968
0.027144,0.003704,-0.005153
0.027148,0.003565,-0.005221
0.027239,0.003733,-0.005159
0.029944,0.004717,-0.005140
0.012366,0.001809,-0.002636
0.015350,0.001752,-0.003297
0.018212,0.001479,-0.004125
0.018300,0.001818,-0.004046
0.021177,0.001654,-0.004742
0.021266,0.002035,-0.004692
0.024155,0.002081,-0.005140
0.024237,0.002508,-0.005123
0.027062,0.002915,-0.005243
0.027136,0.003392,-0.005258
0.029846,0.003995,-0.005124
0.029928,0.004525,-0.005165
0.035411,0.005989,-0.004675
0.035532,0.006633,-0.004777
0.040989,0.007874,-0.004119
0.035568,0.006868,-0.004782
0.044936,0.010434,-0.004060
0.041260,0.009104,-0.004336
0.035844,0.007143,-0.004741
0.035589,0.007042,-0.004754
0.029962,0.004812,-0.005027
0.011786,0.000147,-0.002626
0.011994,0.000719,-0.002674
0.014931,0.000476,-0.003354
0.012255,0.001439,-0.002735
0.017856,0.000398,-0.003989
0.020812,0.000460,-0.004505
0.023792,0.000762,-0.004804
0.026711,0.001449,-0.004825
0.029478,0.002368,-0.004648
0.034966,0.004037,-0.004088
0.040474,0.005564,-0.003423
0.046064,0.006835,-0.002740
0.051822,0.007663,-0.002124
0.038985,-0.000678,-0.001100
0.037696,-0.000799,-0.001249
0.034304,0.001435,-0.003053
0.033549,-0.001439,-0.001742
0.028872,0.000166,-0.003683
0.028137,-0.002274,-0.002386
0.026117,-0.000544,-0.003912
0.027215,-0.002416,-0.002496
0.020223,-0.001193,-0.003810
0.017977,-0.002950,-0.002688
0.017287,-0.001124,-0.003441
0.016607,-0.002785,-0.002551
0.014391,-0.000924,-0.002955
0.025369,-0.002658,-0.002621
0.022473,-0.003036,-0.002815
0.023195,-0.001042,-0.003982
0.022462,-0.003036,-0.002815
0.019511,-0.002980,-0.002732
0.010893,-0.002095,-0.001978
0.011082,-0.001630,-0.002131
0.073762,0.000193,0.000763
0.096958,0.000216,0.001027
0.094313,0.000179,0.001037
0.091108,0.000182,0.000994
0.079381,0.000189,0.000838
0.012406,0.002013,-0.002452
0.012396,0.001944,-0.002534
0.012394,0.001928,-0.002554
0.012388,0.001887,-0.002602
0.059075,0.013181,-0.003009
0.011505,-0.000586,-0.002475
0.011651,-0.000225,-0.002595
0.050993,0.003965,-0.001039
0.056837,0.004238,-0.000647
0.061775,0.000245,0.000531
0.056281,0.000269,0.000425
0.055918,0.000260,0.000400
0.050143,0.000116,0.000009
0.046503,0.000026,-0.000237
0.012394,0.002042,-0.002323
0.012388,0.002056,-0.002261
0.015363,0.001990,-0.002912
0.012326,0.002007,-0.002003
0.012321,0.002000,-0.001985
0.015291,0.002011,-0.002663
0.035588,0.007202,-0.004679
0.035590,0.007161,-0.004711
0.029932,0.004956,-0.005013
0.012368,0.002040,-0.002177
0.012355,0.002031,-0.002126
0.015338,0.001983,-0.002777
0.035545,0.007251,-0.004501
0.035560,0.007256,-0.004553
0.029869,0.005031,-0.004795
0.038408,0.008359,-0.004409
0.046895,0.011404,-0.003898
0.047030,0.011437,-0.003891
0.047031,0.011443,-0.003902
0.045577,0.010981,-0.004004
0.047034,0.011440,-0.003918
0.047034,0.011436,-0.003921
0.054478,0.013110,-0.003459
0.052971,0.012890,-0.003555
0.053208,0.012948,-0.003541
0.104684,0.011846,-0.000881
0.099007,0.012561,-0.001083
0.104686,0.011860,-0.000884
0.104687,0.011861,-0.000885
0.104688,0.011870,-0.000887
0.104689,0.011872,-0.000888
0.104689,0.011872,-0.000889
0.104688,0.011869,-0.000887
0.104688,0.011866,-0.000886
0.084735,0.013511,-0.001693
0.087592,0.013340,-0.001568
0.081898,0.013658,-0.001805
0.093304,0.012999,-0.001318
0.093299,0.012976,-0.001304
0.097423,0.012753,-0.001138
0.081856,0.013580,-0.001766
0.093284,0.012911,-0.001264
0.098994,0.012497,-0.001052
0.104683,0.011840,-0.000879
0.064702,0.013922,-0.002748
0.067355,0.014116,-0.002612
0.070424,0.013965,-0.002389
0.070450,0.014049,-0.002433
0.078742,0.013869,-0.001955
0.058948,0.013414,-0.003087
0.052947,0.012783,-0.003541
0.058987,0.013590,-0.003132
0.052964,0.012875,-0.003557
0.038421,0.008327,-0.004479
0.041265,0.009425,-0.004295
0.041266,0.009409,-0.004306
0.044131,0.010455,-0.004117
0.044130,0.010437,-0.004123
0.047026,0.011369,-0.003933
0.047032,0.011410,-0.003929
0.045577,0.010954,-0.004021
0.044132,0.010471,-0.004110
0.047033,0.011425,-0.003926
0.045577,0.010968,-0.004015
0.044132,0.010482,-0.004102
0.041264,0.009437,-0.004283
0.038419,0.008340,-0.004464
0.035582,0.007231,-0.004642
0.055233,0.013206,-0.003410
0.055611,0.013254,-0.003385
0.055990,0.013302,-0.003361
0.048516,0.011801,-0.003807
0.047032,0.011447,-0.003908
0.050002,0.012164,-0.003723
0.047033,0.011443,-0.003915
0.045577,0.010977,-0.004008
0.044130,0.010493,-0.004087
0.044129,0.010495,-0.004082
0.041257,0.009454,-0.004240
0.041253,0.009453,-0.004224
0.045576,0.010984,-0.004000
0.044127,0.010497,-0.004070
0.041248,0.009449,-0.004206
0.048516,0.011801,-0.003807
0.021243,0.002391,-0.004183
0.021203,0.002418,-0.003981
0.022247,0.002523,-0.004211
0.024189,0.002921,-0.004651
0.024126,0.002985,-0.004434
0.025849,0.003408,-0.004639
0.027060,0.003854,-0.004836
0.026993,0.003868,-0.004646
0.018315,0.002109,-0.003662
0.018288,0.002111,-0.003520
0.021273,0.002381,-0.004326
0.024224,0.002905,-0.004790
0.027102,0.003836,-0.004967
0.029907,0.005013,-0.004915
0.035572,0.007249,-0.004600
0.038416,0.008349,-0.004447
0.041263,0.009446,-0.004270
0.041260,0.009451,-0.004256
0.044131,0.010491,-0.004092
0.029533,0.004889,-0.004662
0.029822,0.005002,-0.004650
0.035529,0.007229,-0.004429
0.038729,0.008477,-0.004305
0.041262,0.009385,-0.004179
0.041250,0.009247,-0.004345
0.035590,0.007109,-0.004737
0.047006,0.011241,-0.003927
0.049939,0.012014,-0.003716
0.052915,0.012625,-0.003506
0.051487,0.012527,-0.003639
0.052965,0.012884,-0.003556
0.038422,0.008246,-0.004530
0.038423,0.008293,-0.004507
0.041259,0.009314,-0.004337
0.041264,0.009368,-0.004324
0.044124,0.010388,-0.004131
0.047018,0.011313,-0.003932
0.048491,0.011784,-0.003837
0.029940,0.004914,-0.005053
0.024247,0.002858,-0.004906
0.021290,0.002341,-0.004447
0.027130,0.003783,-0.005074
0.012397,0.002035,-0.002354
0.015377,0.001970,-0.003029
0.018329,0.002079,-0.003784
0.029921,0.004990,-0.004967
0.104681,0.011827,-0.000877
0.104670,0.011762,-0.000863
0.104657,0.011681,-0.000848
0.081879,0.013682,-0.001818
0.018251,0.002121,-0.003330
0.017233,0.002018,-0.003106
0.057515,0.013497,-0.003262
0.059022,0.013689,-0.003164
0.060094,0.013825,-0.003094
0.064733,0.014011,-0.002786
0.011784,0.001011,-0.000878
0.011540,0.000546,-0.000400
0.014489,0.000480,-0.000790
0.057696,0.008142,-0.001211
0.057859,0.004312,-0.000021
0.062616,0.004347,0.000139
0.104554,0.011070,-0.000682
0.104602,0.011361,-0.000746
0.098920,0.012075,-0.000894
0.104656,0.011685,-0.000818
0.104668,0.011754,-0.000833
0.098991,0.012490,-0.001014
0.104689,0.011872,-0.000886
0.011081,-0.000464,0.000218
0.010931,-0.000793,0.000420
0.013849,-0.000874,0.000276
0.104155,0.008688,-0.000154
0.104325,0.009703,-0.000379
0.098622,0.010301,-0.000489
0.104126,0.008517,-0.000122
0.064172,0.011541,-0.001861
0.065385,0.004367,0.000232
0.069921,0.011559,-0.001556
0.068443,0.004309,0.000290
0.081407,0.011202,-0.001049
0.103313,0.003630,0.000783
0.097535,0.003747,0.000758
0.091725,0.003866,0.000732
0.092886,0.010631,-0.000651
0.091349,0.003873,0.000731
0.080089,0.004088,0.000514
0.022419,-0.000288,-0.000643
0.019591,-0.000646,-0.000377
0.018856,-0.002275,0.000942
0.018088,-0.002346,0.000975
0.016728,-0.000823,-0.000046
0.016033,-0.002329,0.001071
0.021643,-0.002016,0.000822
0.023256,-0.001865,0.000752
0.025196,0.000343,-0.000767
0.024396,-0.001639,0.000749
0.028037,0.001144,-0.000764
0.027234,-0.001076,0.000740
0.032781,0.000026,0.000724
0.033908,0.002754,-0.000827
0.033104,0.000099,0.000707
0.039780,0.004495,-0.001038
0.038975,0.001431,0.000401
0.045694,0.006185,-0.001257
0.055990,0.013303,-0.003360
0.052975,0.012894,-0.003542
0.059017,0.013721,-0.003153
0.049976,0.012198,-0.003682
0.052970,0.012887,-0.003531
0.047043,0.011426,-0.003854
0.052956,0.012870,-0.003502
0.049962,0.012218,-0.003661
0.049930,0.012108,-0.003569
0.046968,0.011280,-0.003697
0.047006,0.011396,-0.003807
0.041206,0.009378,-0.004063
0.026840,0.003677,-0.004254
0.029661,0.004833,-0.004240
0.041154,0.009253,-0.003912
0.035405,0.007040,-0.004089
0.023988,0.002755,-0.004052
0.017935,0.001620,-0.002458
0.020864,0.001913,-0.003059
0.014999,0.001473,-0.001811
0.012264,0.001922,-0.001816
0.012258,0.001911,-0.001805
0.012017,0.001453,-0.001334
0.104688,0.011869,-0.000880
0.104688,0.011870,-0.000883
0.104688,0.011871,-0.000884
0.099003,0.012540,-0.001064
0.104686,0.011856,-0.000871
0.104687,0.011862,-0.000875
0.104675,0.011793,-0.000842
0.104681,0.011829,-0.000858
0.104683,0.011845,-0.000865
0.081879,0.013706,-0.001788
0.093304,0.013025,-0.001286
0.096161,0.012848,-0.001181
0.093299,0.013007,-0.001264
0.093304,0.013030,-0.001280
0.081879,0.013711,-0.001781
0.093281,0.012906,-0.001221
0.076165,0.013972,-0.002085
0.070449,0.014105,-0.002403
0.070449,0.014097,-0.002407
0.064729,0.014055,-0.002767
0.064729,0.014063,-0.002763
0.059015,0.013729,-0.003150
0.081874,0.013687,-0.001762
0.070444,0.014082,-0.002381
0.064723,0.014040,-0.002740
0.059009,0.013707,-0.003127
0.081854,0.013583,-0.001712
0.052928,0.012766,-0.003424
0.055945,0.013261,-0.003258
0.058984,0.013607,-0.003064
0.064699,0.013937,-0.002679
0.070421,0.013977,-0.002323
0.093205,0.012475,-0.001091
0.081768,0.013133,-0.001560
0.070326,0.013521,-0.002148
0.064599,0.013486,-0.002494
0.058878,0.013168,-0.002870
0.055840,0.012826,-0.003053
0.052819,0.012328,-0.003197
0.049815,0.011664,-0.003309
0.046843,0.010831,-0.003397
0.041000,0.008804,-0.003523
0.035217,0.006614,-0.003615
0.029437,0.004456,-0.003709
0.026610,0.003335,-0.003710
0.023772,0.002439,-0.003507
0.013188,-0.002305,0.001204
0.012131,-0.002296,0.001254
0.010312,-0.002155,0.001254
0.043954,0.002561,0.000143
0.044888,0.002724,0.000109
0.048681,0.006897,-0.001329
0.050842,0.003760,-0.000107
0.051686,0.007465,-0.001356
0.051079,0.003801,-0.000116
0.054692,0.007881,-0.001323
0.053828,0.004008,-0.000077
0.056798,0.004232,-0.000036
0.017400,0.000599,-0.001293
0.020299,0.000855,-0.001780
0.023168,0.001321,-0.002157
0.025976,0.002115,-0.002337
0.028814,0.003109,-0.002346
0.034654,0.005062,-0.002353
0.040494,0.007102,-0.002430
0.046385,0.009032,-0.002488
0.049371,0.009837,-0.002484
0.052383,0.010479,-0.002442
0.055403,0.010956,-0.002353
0.058429,0.011272,-0.002201
0.127301,0.005099,-0.000113
0.124675,0.006482,-0.000219
0.125989,0.005790,-0.000166
0.110507,0.010530,-0.000671
0.107603,0.011295,-0.000795
0.123362,0.007174,-0.000273
0.122068,0.007728,-0.000309
0.117774,0.009133,-0.000462
0.116322,0.009447,-0.000510
0.117717,0.009151,-0.000464
0.121267,0.006400,-0.000161
0.122779,0.001811,0.000287
0.119759,0.006616,-0.000167
0.121060,0.001420,0.000375
0.116662,0.007019,-0.000182
0.124386,0.002176,0.000204
0.122719,0.006170,-0.000156
0.125638,0.002886,0.000090
0.124060,0.005947,-0.000158
0.116332,0.009435,-0.000504
0.116407,0.008882,-0.000424
0.119344,0.008250,-0.000347
0.122194,0.007427,-0.000276
0.124849,0.006372,-0.000212
0.122706,0.007520,-0.000299
0.122499,0.007629,-0.000308
0.122017,0.007783,-0.000323
0.120603,0.008233,-0.000370
0.119244,0.008642,-0.000394
0.119187,0.008683,-0.000416
0.126310,0.005434,-0.000153
0.125236,0.005714,-0.000163
0.110404,0.007756,-0.000242
0.110487,0.009993,-0.000583
0.106091,0.011615,-0.000844
0.110512,0.010656,-0.000694
0.110509,0.010679,-0.000700
0.113416,0.010063,-0.000605
0.116346,0.009329,-0.000487
0.127068,0.004525,-0.000117
0.126976,0.004404,-0.000102
0.126411,0.003666,-0.000012
0.125948,0.003062,0.000062
0.115354,0.000959,0.000642
0.117468,0.001130,0.000543
0.103038,0.001970,0.001074
0.102769,0.000354,0.001353
0.110142,0.000688,0.001102
0.110512,0.010659,-0.000677
0.117447,-0.007553,0.001846
0.118615,-0.007251,0.001727
0.118615,-0.007230,0.001745
0.109795,-0.008674,0.002419
0.109878,-0.006425,0.002147
0.101413,-0.007839,0.002649
0.101646,-0.006422,0.002455
0.127564,0.004252,-0.000088
0.127193,0.004764,-0.000100
0.128063,-0.001007,0.000462
0.128120,-0.000859,0.000441
0.128124,-0.000458,0.000389
0.124850,0.006374,-0.000186
0.119245,0.008645,-0.000368
0.100852,-0.011247,0.003061
0.100851,-0.011251,0.003058
0.109762,-0.009364,0.002442
0.100851,-0.011253,0.003057
0.116332,0.009436,-0.000490
0.122069,0.007730,-0.000287
0.122195,0.007431,-0.000231
0.116665,0.007036,-0.000045
0.119762,0.006630,-0.000045
0.119345,0.008256,-0.000291
0.127697,0.001543,0.000224
0.126990,0.004397,-0.000055
0.126469,0.003633,0.000081
0.126310,0.005436,-0.000125
0.125238,0.005719,-0.000107
0.120608,-0.006737,0.001523
0.120807,-0.006641,0.001514
0.118601,-0.007121,0.001749
0.120788,-0.006539,0.001518
0.118540,-0.006669,0.001725
0.122917,-0.005782,0.001280
0.122932,-0.005866,0.001264
0.120808,-0.006662,0.001501
0.120708,-0.006112,0.001500
0.122818,-0.005385,0.001268
0.124928,-0.004751,0.001053
0.124812,-0.004394,0.001045
0.125895,-0.004214,0.000926
0.125895,-0.004213,0.000926
0.124926,-0.004802,0.001037
0.123956,-0.005392,0.001148
0.123565,-0.005629,0.001193
0.118286,-0.004797,0.001541
0.120371,-0.004343,0.001345
0.122403,-0.003745,0.001140
0.124331,-0.002919,0.000943
0.126055,-0.001800,0.000745
0.127669,0.003357,-0.000009
0.124063,0.005954,-0.000078
0.125674,0.002847,0.000245
0.126123,0.003238,0.000162
0.127283,-0.000268,0.000501
0.127575,0.000628,0.000361
0.127790,-0.001252,0.000553
0.128032,-0.000196,0.000399
0.126706,-0.003366,0.000827
0.126679,-0.003401,0.000805
0.127448,-0.002560,0.000694
0.127454,-0.002580,0.000684
0.127455,-0.002576,0.000689
0.127447,-0.002598,0.000687
0.127071,-0.002991,0.000745
0.127418,-0.002495,0.000699
0.127292,-0.002221,0.000697
0.126765,-0.001090,0.000631
0.125089,0.002491,0.000320
0.122721,0.006180,-0.000057
0.127656,-0.002059,0.000610
0.121269,0.006411,-0.000049
0.127883,0.003029,-0.000004
0.127682,0.004091,-0.000089
0.128133,0.000674,0.000243
0.128140,0.001534,0.000132
0.128084,0.000882,0.000250
0.128096,0.001799,0.000108
0.127908,0.002919,0.000007
0.127710,0.004052,-0.000091
0.127813,0.003480,-0.000044
0.127716,0.004043,-0.000093
0.127720,0.004035,-0.000094
0.127860,-0.001531,0.000536
0.128129,0.000107,0.000316
0.125912,-0.004204,0.000924
0.126580,-0.003061,0.000823
0.100855,-0.011225,0.003067
0.100853,-0.011239,0.003065
0.100852,-0.011242,0.003063
0.109770,-0.009349,0.002459
0.109775,-0.009219,0.002460
0.100882,-0.011055,0.003067
0.100869,-0.011135,0.003071
0.100866,-0.011157,0.003073
0.100858,-0.011205,0.003068
0.100985,-0.010429,0.003004
0.100930,-0.010765,0.003050
0.100922,-0.010812,0.003054
0.111145,-0.009071,0.002347
0.124389,0.002194,0.000385
0.122800,0.001751,0.000494
0.121084,0.001448,0.000599
0.119298,0.001254,0.000705
0.117477,0.001128,0.000805
0.110507,0.010535,-0.000636
0.110487,0.010004,-0.000508
0.116409,0.008890,-0.000361
0.116347,0.009333,-0.000457
0.110405,0.007780,-0.000079
0.127718,0.004040,-0.000094
0.127510,0.004569,-0.000104
0.008014,0.002546,-0.001899
0.007407,0.002687,-0.001831
0.007386,0.002684,-0.001731
0.001493,-0.005660,0.000716
0.003685,-0.006418,0.001328
0.003687,-0.006359,0.001432
0.003705,-0.006260,0.001524
-0.000376,-0.004884,0.000393
-0.000611,-0.004901,0.000233
-0.000610,-0.004901,0.000235
0.001820,-0.004220,0.001236
0.003793,-0.005933,0.001667
0.001906,-0.004156,0.001244
0.004185,-0.004768,0.001728
0.002722,-0.003547,0.001320
0.000839,-0.004659,0.000982
0.000220,-0.004797,0.000721
-0.000069,-0.004861,0.000599
0.003361,-0.002819,0.001258
0.004801,-0.003128,0.001462
0.003374,-0.002796,0.001253
0.005480,-0.001426,0.000963
0.004114,-0.001138,0.000845
0.003891,-0.001884,0.001063
0.006168,0.000214,0.000293
0.004290,0.000415,0.000332
0.004227,-0.000760,0.000735
0.006811,0.001652,-0.000518
0.004097,0.001463,-0.000049
0.004256,0.000602,0.000264
0.004390,0.002149,-0.000398
0.003773,0.002288,-0.000346
0.004075,0.001585,-0.000093
0.003665,0.002538,-0.000435
0.004791,0.003031,-0.001067
0.003007,0.003455,-0.000757
0.002957,0.003505,-0.000781
0.004892,0.003209,-0.001353
0.002617,0.003841,-0.000945
0.002524,0.003921,-0.001143
0.002524,0.003924,-0.001108
0.003913,0.003499,-0.001437
0.004918,0.003234,-0.001479
0.004942,0.003260,-0.001553
0.002544,0.003904,-0.001019
0.002536,0.003911,-0.001039
0.002522,0.003924,-0.001073
0.007148,-0.003598,0.001782
0.009719,-0.003549,0.001880
0.007873,-0.001847,0.001147
0.010020,-0.002836,0.001576
0.008316,-0.007217,0.002609
0.006062,-0.006521,0.002181
0.008297,-0.007272,0.002606
0.005964,-0.006873,0.002052
0.008259,-0.007420,0.002525
0.008231,-0.007532,0.002465
0.008373,-0.007048,0.002617
0.008616,-0.006332,0.002654
0.006487,-0.005298,0.002169
0.008837,-0.005774,0.002499
0.009117,-0.005069,0.002303
0.009545,-0.003988,0.002002
0.008229,-0.007545,0.002447
0.005944,-0.006983,0.001961
0.008227,-0.007561,0.002426
0.005952,-0.007022,0.001835
0.008219,-0.007626,0.002342
0.007246,0.002509,-0.001285
0.007357,0.002668,-0.001598
0.009901,0.002317,-0.002137
0.009888,0.002285,-0.001956
0.009859,0.002277,-0.001815
0.009744,0.002131,-0.001476
0.009287,0.001282,-0.000612
0.008606,-0.000173,0.000335
0.009897,0.002186,-0.002182
0.003699,-0.006440,0.001212
0.000560,-0.004740,-0.000365
0.001428,-0.004415,-0.000563
0.002005,-0.004639,-0.000443
0.004296,0.000320,-0.002024
0.004191,0.000969,-0.002054
0.004454,0.001679,-0.002099
0.004926,0.003175,-0.001695
0.002743,0.003715,-0.001402
0.002658,0.003804,-0.001341
0.002605,0.003851,-0.001268
0.002534,0.003913,-0.001172
0.003174,0.003262,-0.001711
0.003145,0.003292,-0.001691
0.004824,0.002786,-0.001952
0.004908,0.003087,-0.001791
0.004110,0.001467,-0.002077
0.003970,0.001821,-0.002041
0.003746,0.002387,-0.001983
0.006899,0.001011,-0.002246
0.006283,-0.000628,-0.001980
0.004269,-0.000037,-0.001964
0.003277,-0.002932,-0.001214
0.003889,-0.001890,-0.001562
0.005604,-0.002331,-0.001482
0.003914,-0.001807,-0.001583
0.004207,-0.000866,-0.001826
0.002915,-0.003308,-0.001062
0.004916,-0.003971,-0.000812
0.002474,-0.003765,-0.000878
0.004273,-0.005409,-0.000001
0.002326,-0.003861,-0.000832
0.001531,-0.004376,-0.000586
-0.000407,-0.004893,-0.000156
-0.000063,-0.004838,-0.000230
0.001604,-0.005521,0.000225
0.001502,-0.005698,0.000512
-0.000557,-0.004898,-0.000088
0.001476,-0.005724,0.000637
-0.000698,-0.004904,0.000058
-0.000647,-0.004901,-0.000046
-0.000683,-0.004901,-0.000003
-0.000694,-0.004901,0.000011
0.009876,0.002076,-0.002273
0.009779,0.001725,-0.002402
0.009354,0.000502,-0.002390
0.008693,-0.001198,-0.002003
0.007397,0.002602,-0.001950
0.007379,0.002503,-0.002043
0.007291,0.002176,-0.002185
0.003728,-0.006425,0.001079
0.003839,-0.006266,0.000767
0.008271,-0.007643,0.002012
0.008240,-0.007670,0.002134
0.008232,-0.007653,0.002212
0.008229,-0.007647,0.002243
0.007967,-0.002950,-0.001368
0.010599,-0.002792,-0.001680
0.102505,-0.001291,0.001294
0.012561,-0.003786,0.001989
0.032403,-0.002394,0.001808
0.027639,-0.003125,0.002006
0.026551,-0.003252,0.002000
0.023700,-0.003586,0.001985
0.021065,-0.003895,0.001970
0.020954,-0.003895,0.001971
0.018177,-0.003896,0.001999
0.055428,0.000483,0.001014
0.050036,0.000105,0.001054
0.047554,-0.000069,0.001073
0.044146,-0.000592,0.001252
0.038127,-0.001516,0.001570
0.091101,0.000268,0.001385
0.096953,0.000311,0.001369
0.061779,0.000482,0.001150
0.064007,0.000481,0.001198
0.067647,0.000437,0.001232
0.085301,0.000225,0.001401
0.079380,0.000296,0.001345
0.013913,-0.003899,0.002042
0.015373,-0.003898,0.002027
0.055916,0.000483,0.001024
0.013671,-0.008870,0.003109
0.099540,-0.010992,0.003129
0.094973,-0.011528,0.003303
0.094920,-0.012008,0.003362
0.024762,-0.010408,0.004602
0.024770,-0.010452,0.004559
0.030381,-0.010981,0.004761
0.019242,-0.009835,0.003762
0.045801,-0.012442,0.004455
0.047203,-0.012557,0.004442
0.047205,-0.012543,0.004447
0.036000,-0.011581,0.004603
0.035998,-0.011571,0.004621
0.030399,-0.011075,0.004634
0.076880,-0.013303,0.003773
0.097882,-0.011739,0.003218
0.094905,-0.012104,0.003357
0.088912,-0.012678,0.003533
0.076885,-0.013269,0.003787
0.064844,-0.013394,0.004093
0.076881,-0.013296,0.003778
0.052818,-0.012976,0.004359
0.052820,-0.012964,0.004364
0.052823,-0.012947,0.004367
0.052833,-0.012902,0.004371
0.052846,-0.012839,0.004370
0.064865,-0.013284,0.004099
0.076904,-0.013162,0.003792
0.088928,-0.012577,0.003538
0.038799,-0.011793,0.004585
0.041603,-0.012025,0.004534
0.041606,-0.012002,0.004541
0.047212,-0.012503,0.004455
0.044401,-0.012313,0.004476
0.047208,-0.012525,0.004452
0.044403,-0.012298,0.004483
0.041600,-0.012045,0.004526
0.038798,-0.011809,0.004573
0.030405,-0.011081,0.004609
0.036003,-0.011587,0.004585
0.038798,-0.011822,0.004560
0.038799,-0.011831,0.004546
0.041599,-0.012061,0.004517
0.041598,-0.012073,0.004506
0.044400,-0.012325,0.004468
0.042999,-0.012204,0.004481
0.041599,-0.012087,0.004482
0.041598,-0.012082,0.004495
0.038804,-0.011839,0.004514
0.038801,-0.011837,0.004530
0.045800,-0.012451,0.004447
0.044400,-0.012332,0.004459
0.044400,-0.012335,0.004453
0.042999,-0.012210,0.004470
0.047202,-0.012567,0.004435
0.047201,-0.012570,0.004431
0.047201,-0.012573,0.004427
0.047202,-0.012569,0.004424
0.052814,-0.012984,0.004350
0.052815,-0.012982,0.004353
0.052817,-0.012980,0.004356
0.041600,-0.012088,0.004475
0.041601,-0.012088,0.004468
0.044400,-0.012336,0.004448
0.041602,-0.012088,0.004461
0.044401,-0.012336,0.004442
0.030427,-0.011080,0.004524
0.036011,-0.011591,0.004544
0.030412,-0.011083,0.004581
0.036006,-0.011591,0.004565
0.030436,-0.011074,0.004493
0.024835,-0.010531,0.004328
0.036016,-0.011587,0.004522
0.013698,-0.008872,0.002965
0.019206,-0.009818,0.003905
0.024796,-0.010511,0.004455
0.030394,-0.011067,0.004659
0.050381,-0.012244,0.004359
0.041665,-0.011657,0.004581
0.041627,-0.011868,0.004555
0.036002,-0.011441,0.004698
0.038806,-0.011722,0.004613
0.030384,-0.011024,0.004724
0.033190,-0.011267,0.004722
0.035997,-0.011498,0.004677
0.033945,-0.011137,0.004777
0.030387,-0.010839,0.004740
0.030381,-0.010927,0.004792
0.025596,-0.010438,0.004689
0.036022,-0.011277,0.004725
0.024762,-0.010333,0.004606
0.019182,-0.009769,0.004024
0.019186,-0.009633,0.004050
0.016784,-0.009331,0.003810
0.013656,-0.008840,0.003233
0.013678,-0.008713,0.003278
0.024781,-0.010486,0.004510
0.030390,-0.011056,0.004682
0.033193,-0.011303,0.004687
0.035996,-0.011541,0.004652
0.090619,-0.012038,0.003469
0.035996,-0.011558,0.004637
0.038800,-0.011773,0.004596
0.041615,-0.011943,0.004550
0.052886,-0.012657,0.004353
0.052946,-0.012351,0.004307
0.088995,-0.012127,0.003503
0.079793,-0.012636,0.003696
0.076982,-0.012671,0.003765
0.064954,-0.012822,0.004058
0.064402,-0.012829,0.004072
0.011369,-0.006799,0.003091
0.095750,-0.006961,0.002663
0.011904,-0.005409,0.002699
0.048348,-0.007296,0.003241
0.042565,-0.007437,0.003512
0.041982,-0.010109,0.004252
0.077334,-0.010805,0.003478
0.077916,-0.007639,0.002918
0.065349,-0.010873,0.003726
0.066004,-0.007640,0.003071
0.053379,-0.010489,0.003913
0.054101,-0.007348,0.003141
0.047691,-0.010262,0.004030
0.089816,-0.007323,0.002777
0.041787,-0.011040,0.004456
0.053122,-0.011614,0.004164
0.013663,-0.008698,0.003426
0.019175,-0.009572,0.004196
0.013686,-0.008579,0.003497
0.013773,-0.008243,0.003577
0.019274,-0.008991,0.004269
0.019192,-0.009418,0.004247
0.024853,-0.009482,0.004694
0.024773,-0.010014,0.004726
0.030558,-0.009794,0.004769
0.030438,-0.010442,0.004854
0.036269,-0.009982,0.004549
0.036112,-0.010767,0.004696
0.024757,-0.010207,0.004696
0.030403,-0.010680,0.004850
0.036782,-0.007670,0.003891
0.030998,-0.007843,0.004209
0.025217,-0.007859,0.004236
0.019633,-0.007679,0.003942
0.014125,-0.007170,0.003446
0.049175,-0.003606,0.002170
0.043326,-0.004051,0.002435
0.037490,-0.004670,0.002830
0.031656,-0.005252,0.003186
0.025818,-0.005668,0.003281
0.020226,-0.005885,0.003131
0.014689,-0.005660,0.002905
0.054998,-0.003468,0.002117
-0.094513,0.012535,0.003403
-0.092125,0.012732,0.003463
-0.092133,0.011467,0.003613
-0.036142,0.011662,0.004504
-0.032792,0.011347,0.004452
-0.032794,0.011247,0.004334
-0.015136,0.009039,0.002803
-0.015037,0.009022,0.002789
-0.015052,0.008762,0.002147
-0.017352,0.004561,-0.001631
-0.018183,0.004650,-0.001655
-0.018158,0.005495,-0.001296
-0.091891,0.003614,0.001712
-0.092313,0.003603,0.001713
-0.092249,0.005636,0.002545
-0.102584,0.009420,0.002715
-0.102498,0.009938,0.002807
-0.101079,0.010274,0.002978
-0.102435,0.010322,0.002870
-0.102248,0.011454,0.003055
-0.101224,0.003238,0.001627
-0.103632,0.003120,0.001590
-0.102653,0.005955,0.002106
-0.101167,0.005911,0.002158
-0.098191,0.005801,0.002355
-0.098252,0.003383,0.001673
-0.095365,0.003524,0.001717
-0.068506,0.005395,0.002248
-0.068567,0.003773,0.001607
-0.072845,0.003815,0.001639
-0.080380,0.005476,0.002398
-0.080081,0.003787,0.001674
-0.080441,0.003785,0.001676
-0.086109,0.003763,0.001703
-0.056687,0.003654,0.001508
-0.057045,0.003660,0.001523
-0.056623,0.005352,0.002128
-0.068259,0.003770,0.001605
-0.050739,0.003572,0.001205
-0.050756,0.003572,0.001207
-0.050688,0.005317,0.001838
-0.051835,0.003584,0.001308
-0.056450,0.003651,0.001499
-0.044769,0.005279,0.001254
-0.045154,0.003536,0.000668
-0.045756,0.003519,0.000737
-0.034265,0.004096,-0.000598
-0.039683,0.003711,0.000035
-0.040023,0.003687,0.000075
-0.044835,0.003546,0.000631
-0.026170,0.004869,-0.001463
-0.027086,0.004776,-0.001368
-0.027060,0.005485,-0.001042
-0.028860,0.004596,-0.001183
-0.032960,0.005316,-0.000245
-0.032627,0.004212,-0.000790
-0.033005,0.004185,-0.000746
-0.023136,0.005003,-0.001664
-0.024104,0.005579,-0.001340
-0.021158,0.004916,-0.001700
-0.021137,0.005592,-0.001409
-0.020324,0.004880,-0.001715
-0.023178,0.005001,-0.001661
-0.024124,0.004959,-0.001599
-0.026100,0.004872,-0.001468
-0.020238,0.004871,-0.001712
-0.012181,0.004947,-0.000805
-0.011189,0.004823,-0.000721
-0.011261,0.004665,-0.000824
-0.016840,0.004506,-0.001617
-0.015171,0.005278,-0.001068
-0.015193,0.004233,-0.001536
-0.012185,0.003734,-0.001388
-0.011710,0.003655,-0.001364
-0.010511,0.006303,0.000248
-0.010605,0.006097,0.000113
-0.012160,0.006292,-0.000017
-0.010940,0.005367,-0.000365
-0.012123,0.007542,0.000997
-0.010238,0.006852,0.000741
-0.009983,0.007366,0.001201
-0.012104,0.008054,0.001644
-0.009716,0.007790,0.001839
-0.009771,0.007703,0.001709
-0.009704,0.007809,0.001869
-0.012094,0.008353,0.002281
-0.012652,0.008480,0.002378
-0.015017,0.009018,0.002786
-0.024195,0.010455,0.003967
-0.020945,0.010039,0.003615
-0.020950,0.009943,0.003325
-0.020691,0.010007,0.003588
-0.020290,0.009955,0.003545
-0.026873,0.010587,0.003848
-0.026867,0.010759,0.004188
-0.026287,0.010700,0.004152
-0.023920,0.010098,0.003175
-0.025357,0.010604,0.004093
-0.026887,0.010185,0.003134
-0.032808,0.010314,0.003212
-0.031844,0.011258,0.004438
-0.030564,0.011138,0.004418
-0.030526,0.011134,0.004417
-0.038716,0.011541,0.004169
-0.038715,0.011894,0.004486
-0.044635,0.011813,0.004094
-0.044637,0.012427,0.004444
-0.043002,0.012280,0.004455
-0.054936,0.013230,0.004332
-0.054214,0.013175,0.004341
-0.056486,0.012222,0.004080
-0.048601,0.012746,0.004404
-0.045825,0.012534,0.004435
-0.079212,0.013475,0.003745
-0.078277,0.013493,0.003769
-0.080244,0.012679,0.003764
-0.070409,0.013644,0.003964
-0.066235,0.013601,0.004070
-0.062535,0.013562,0.004164
-0.056488,0.013298,0.004298
-0.089839,0.012920,0.003521
-0.088075,0.013066,0.003565
-0.080241,0.013428,0.003724
-0.100532,0.011735,0.003150
-0.099770,0.011860,0.003192
-0.098079,0.011649,0.003320
-0.098076,0.012077,0.003260
-0.096294,0.012306,0.003332
-0.102595,0.008870,0.002621
-0.101107,0.008823,0.002708
-0.098126,0.008689,0.003054
-0.092177,0.008513,0.003375
-0.080301,0.008370,0.003311
-0.056537,0.008272,0.003068
-0.050604,0.008219,0.002826
-0.032908,0.006729,0.000487
-0.032865,0.008042,0.001299
-0.027007,0.006874,-0.000230
-0.026960,0.008133,0.000727
-0.024052,0.006958,-0.000517
-0.024004,0.008186,0.000503
-0.021088,0.006956,-0.000584
-0.021039,0.008161,0.000466
-0.018114,0.006846,-0.000477
-0.018067,0.008039,0.000580
-0.015136,0.006625,-0.000269
-0.019563,0.009826,0.003440
-0.020992,0.009169,0.001763
-0.023959,0.009240,0.001732
-0.026919,0.009243,0.001843
-0.032832,0.009242,0.002203
-0.017991,0.009547,0.003214
-0.018021,0.009008,0.001918
-0.015072,0.008339,0.001412
-0.015093,0.007830,0.000772
-0.044684,0.008145,0.002369
-0.038724,0.010492,0.003336
-0.044657,0.009454,0.002933
-0.101056,0.011649,0.003121
-0.098099,0.010148,0.003290
-0.092151,0.009977,0.003584
-0.080274,0.009809,0.003588
-0.080254,0.011245,0.003740
-0.056493,0.010963,0.003792
-0.050562,0.010839,0.003697
-0.044641,0.010678,0.003506
-0.090303,0.012882,0.003509
-0.103159,0.005967,0.002098
-0.102675,0.008872,0.002617
-0.041161,-0.002357,-0.002349
-0.046697,-0.003242,-0.001649
-0.045895,0.000360,-0.000468
-0.013694,-0.001355,-0.002745
-0.013706,-0.001400,-0.002726
-0.016665,-0.001257,-0.003398
-0.050941,-0.009939,-0.003241
-0.048048,-0.009306,-0.003528
-0.048243,-0.010231,-0.003768
-0.042546,-0.008457,-0.004291
-0.054109,-0.011477,-0.003260
-0.060113,-0.012189,-0.002816
-0.059856,-0.011069,-0.002519
-0.068047,-0.013331,-0.002516
-0.071735,-0.013268,-0.002305
-0.070689,-0.008149,-0.001142
-0.105952,-0.010865,-0.000741
-0.105524,-0.008289,-0.000314
-0.099561,-0.007299,-0.000179
-0.105293,-0.006895,-0.000083
-0.104167,-0.000099,0.001005
-0.066012,-0.013237,-0.002648
-0.064907,-0.008135,-0.001403
-0.069041,-0.000022,0.000644
-0.079089,-0.013143,-0.001885
-0.082245,-0.007895,-0.000689
-0.083176,-0.012916,-0.001708
-0.093795,-0.007506,-0.000319
-0.106009,-0.011210,-0.000798
-0.100322,-0.011863,-0.000984
-0.098625,-0.012058,-0.001039
-0.094613,-0.012281,-0.001213
-0.060291,-0.012958,-0.003022
-0.054275,-0.012128,-0.003454
-0.052740,-0.011916,-0.003564
-0.051312,-0.011541,-0.003674
-0.048390,-0.010775,-0.003901
-0.051154,-0.010931,-0.003509
-0.053879,-0.010429,-0.002971
-0.059134,-0.007929,-0.001684
-0.025083,-0.002456,-0.004932
-0.025652,-0.002465,-0.005074
-0.022685,-0.001974,-0.004630
-0.014952,-0.001758,-0.002692
-0.016773,-0.001810,-0.003141
-0.016769,-0.001657,-0.003221
-0.019732,-0.001895,-0.003870
-0.019720,-0.001739,-0.003975
-0.021359,-0.001942,-0.004271
-0.022693,-0.002126,-0.004508
-0.025644,-0.002627,-0.004968
-0.028542,-0.003506,-0.005153
-0.028546,-0.003368,-0.005221
-0.028633,-0.003534,-0.005159
-0.031342,-0.004520,-0.005140
-0.013764,-0.001611,-0.002636
-0.016748,-0.001555,-0.003297
-0.019610,-0.001282,-0.004125
-0.019698,-0.001620,-0.004046
-0.022575,-0.001456,-0.004742
-0.022663,-0.001838,-0.004692
-0.025553,-0.001883,-0.005140
-0.025635,-0.002311,-0.005123
-0.028460,-0.002717,-0.005243
-0.028534,-0.003195,-0.005258
-0.031244,-0.003797,-0.005124
-0.031325,-0.004328,-0.005165
-0.036809,-0.005791,-0.004675
-0.036930,-0.006436,-0.004777
-0.042387,-0.007676,-0.004119
-0.036966,-0.006670,-0.004782
-0.046332,-0.010236,-0.004060
-0.042658,-0.008906,-0.004336
-0.037238,-0.006944,-0.004742
-0.036986,-0.006844,-0.004754
-0.031360,-0.004615,-0.005027
-0.013184,0.000050,-0.002626
-0.013391,-0.000521,-0.002674
-0.016329,-0.000279,-0.003354
-0.013653,-0.001241,-0.002735
-0.019254,-0.000200,-0.003989
-0.022210,-0.000262,-0.004505
-0.025190,-0.000564,-0.004804
-0.028108,-0.001251,-0.004825
-0.030876,-0.002171,-0.004648
-0.036364,-0.003839,-0.004088
-0.041872,-0.005367,-0.003423
-0.047462,-0.006637,-0.002740
-0.053220,-0.007466,-0.002124
-0.040383,0.000875,-0.001100
-0.039093,0.000996,-0.001249
-0.035702,-0.001237,-0.003053
-0.034946,0.001636,-0.001742
-0.030270,0.000031,-0.003683
-0.029535,0.002471,-0.002386
-0.027515,0.000742,-0.003912
-0.028614,0.002614,-0.002496
-0.021621,0.001391,-0.003810
-0.019375,0.003148,-0.002688
-0.018685,0.001321,-0.003441
-0.018005,0.002982,-0.002551
-0.015789,0.001122,-0.002955
-0.026766,0.002855,-0.002621
-0.023872,0.003234,-0.002815
-0.024593,0.001240,-0.003982
-0.023860,0.003234,-0.002815
-0.020908,0.003177,-0.002732
-0.012291,0.002292,-0.001978
-0.012480,0.001827,-0.002131
-0.075164,0.000005,0.000763
-0.098356,-0.000019,0.001027
-0.095720,0.000018,0.001037
-0.092506,0.000016,0.000994
-0.080779,0.000008,0.000838
-0.013804,-0.001815,-0.002452
-0.013794,-0.001747,-0.002534
-0.013791,-0.001730,-0.002554
-0.013786,-0.001689,-0.002602
-0.060472,-0.012983,-0.003009
-0.012903,0.000784,-0.002475
-0.013049,0.000422,-0.002595
-0.052391,-0.003767,-0.001039
-0.058235,-0.004041,-0.000647
-0.063173,-0.000047,0.000531
-0.057680,-0.000071,0.000425
-0.057316,-0.000062,0.000400
-0.051541,0.000082,0.000009
-0.047902,0.000172,-0.000237
-0.013791,-0.001845,-0.002323
-0.013786,-0.001859,-0.002261
-0.016761,-0.001792,-0.002912
-0.013724,-0.001810,-0.002003
-0.013718,-0.001803,-0.001985
-0.016689,-0.001813,-0.002663
-0.036985,-0.007004,-0.004679
-0.036988,-0.006964,-0.004711
-0.031330,-0.004759,-0.005013
-0.013765,-0.001843,-0.002177
-0.013753,-0.001833,-0.002126
-0.016735,-0.001785,-0.002777
-0.036943,-0.007053,-0.004501
-0.036958,-0.007058,-0.004553
-0.031267,-0.004834,-0.004795
-0.039805,-0.008162,-0.004409
-0.048293,-0.011207,-0.003898
-0.048428,-0.011240,-0.003891
-0.048429,-0.011246,-0.003902
-0.046975,-0.010783,-0.004004
-0.048431,-0.011242,-0.003918
-0.048431,-0.011238,-0.003921
-0.055875,-0.012912,-0.003459
-0.054369,-0.012692,-0.003555
-0.054606,-0.012750,-0.003541
-0.106082,-0.011648,-0.000881
-0.100405,-0.012363,-0.001083
-0.106084,-0.011662,-0.000884
-0.106084,-0.011664,-0.000885
-0.106086,-0.011672,-0.000887
-0.106086,-0.011674,-0.000888
-0.106086,-0.011675,-0.000889
-0.106086,-0.011671,-0.000887
-0.106085,-0.011668,-0.000886
-0.086133,-0.013313,-0.001693
-0.088989,-0.013143,-0.001568
-0.083296,-0.013460,-0.001805
-0.094702,-0.012801,-0.001318
-0.094697,-0.012778,-0.001304
-0.098820,-0.012555,-0.001138
-0.083254,-0.013383,-0.001766
-0.094682,-0.012713,-0.001264
-0.100391,-0.012299,-0.001052
-0.106081,-0.011642,-0.000879
-0.066100,-0.013725,-0.002748
-0.068751,-0.013919,-0.002612
-0.071822,-0.013768,-0.002389
-0.071848,-0.013851,-0.002433
-0.080137,-0.013672,-0.001955
-0.060346,-0.013217,-0.003087
-0.054345,-0.012585,-0.003541
-0.060385,-0.013392,-0.003132
-0.054362,-0.012677,-0.003557
-0.039819,-0.008130,-0.004479
-0.042663,-0.009227,-0.004295
-0.042664,-0.009212,-0.004306
-0.045529,-0.010258,-0.004117
-0.045527,-0.010239,-0.004123
-0.048424,-0.011171,-0.003933
-0.048429,-0.011212,-0.003929
-0.046975,-0.010757,-0.004021
-0.045530,-0.010273,-0.004110
-0.048431,-0.011227,-0.003926
-0.046975,-0.010770,-0.004015
-0.045529,-0.010285,-0.004102
-0.042662,-0.009239,-0.004283
-0.039817,-0.008142,-0.004464
-0.036979,-0.007034,-0.004642
-0.056631,-0.013008,-0.003410
-0.057009,-0.013057,-0.003385
-0.057388,-0.013105,-0.003361
-0.049914,-0.011603,-0.003807
-0.048430,-0.011250,-0.003908
-0.051399,-0.011966,-0.003723
-0.048431,-0.011246,-0.003915
-0.046975,-0.010780,-0.004008
-0.045528,-0.010296,-0.004087
-0.045527,-0.010298,-0.004082
-0.042655,-0.009256,-0.004240
-0.042651,-0.009255,-0.004224
-0.046974,-0.010786,-0.004000
-0.045524,-0.010299,-0.004070
-0.042646,-0.009251,-0.004206
-0.049914,-0.011603,-0.003807
-0.022641,-0.002193,-0.004183
-0.022601,-0.002220,-0.003981
-0.023643,-0.002325,-0.004210
-0.025586,-0.002724,-0.004651
-0.025524,-0.002787,-0.004434
-0.027244,-0.003210,-0.004639
-0.028458,-0.003657,-0.004836
-0.028391,-0.003671,-0.004646
-0.019712,-0.001911,-0.003662
-0.019686,-0.001913,-0.003520
-0.022670,-0.002183,-0.004326
-0.025622,-0.002708,-0.004790
-0.028499,-0.003639,-0.004967
-0.031305,-0.004816,-0.004915
-0.036970,-0.007052,-0.004600
-0.039814,-0.008152,-0.004447
-0.042661,-0.009248,-0.004270
-0.042658,-0.009254,-0.004256
-0.045529,-0.010293,-0.004092
-0.030928,-0.004690,-0.004662
-0.031220,-0.004804,-0.004650
-0.036927,-0.007031,-0.004429
-0.040126,-0.008279,-0.004305
-0.042660,-0.009188,-0.004179
-0.042648,-0.009049,-0.004345
-0.036988,-0.006912,-0.004737
-0.048403,-0.011044,-0.003927
-0.051337,-0.011817,-0.003716
-0.054312,-0.012427,-0.003506
-0.052885,-0.012329,-0.003639
-0.054363,-0.012686,-0.003556
-0.039820,-0.008049,-0.004530
-0.039821,-0.008095,-0.004507
-0.042657,-0.009117,-0.004337
-0.042662,-0.009171,-0.004324
-0.045522,-0.010191,-0.004131
-0.048415,-0.011115,-0.003932
-0.049889,-0.011587,-0.003837
-0.031338,-0.004716,-0.005053
-0.025645,-0.002660,-0.004906
-0.022688,-0.002143,-0.004447
-0.028528,-0.003585,-0.005074
-0.013794,-0.001838,-0.002354
-0.016775,-0.001773,-0.003029
-0.019727,-0.001881,-0.003784
-0.031319,-0.004792,-0.004967
-0.106079,-0.011629,-0.000877
-0.106068,-0.011564,-0.000863
-0.106054,-0.011483,-0.000848
-0.083277,-0.013484,-0.001818
-0.019649,-0.001923,-0.003330
-0.018627,-0.001820,-0.003105
-0.058913,-0.013299,-0.003262
-0.060420,-0.013491,-0.003164
-0.061490,-0.013628,-0.003094
-0.066131,-0.013814,-0.002786
-0.013182,-0.000813,-0.000878
-0.012937,-0.000349,-0.000400
-0.015886,-0.000283,-0.000790
-0.059094,-0.007944,-0.001211
-0.059253,-0.004114,-0.000021
-0.064014,-0.004150,0.000139
-0.105952,-0.010873,-0.000682
-0.106000,-0.011163,-0.000746
-0.100318,-0.011877,-0.000894
-0.106054,-0.011487,-0.000818
-0.106066,-0.011556,-0.000833
-0.100389,-0.012292,-0.001014
-0.106086,-0.011674,-0.000886
-0.012479,0.000661,0.000218
-0.012329,0.000991,0.000420
-0.015246,0.001072,0.000276
-0.105553,-0.008491,-0.000154
-0.105723,-0.009505,-0.000379
-0.100019,-0.010103,-0.000489
-0.105524,-0.008320,-0.000122
-0.065570,-0.011343,-0.001861
-0.066779,-0.004170,0.000231
-0.071319,-0.011361,-0.001556
-0.069841,-0.004112,0.000290
-0.082804,-0.011004,-0.001049
-0.104711,-0.003432,0.000783
-0.098933,-0.003550,0.000758
-0.093123,-0.003668,0.000732
-0.094284,-0.010434,-0.000651
-0.092746,-0.003676,0.000731
-0.081487,-0.003890,0.000514
-0.023817,0.000485,-0.000643
-0.020988,0.000843,-0.000377
-0.020254,0.002472,0.000942
-0.019485,0.002544,0.000975
-0.018126,0.001020,-0.000046
-0.017431,0.002527,0.001071
-0.023041,0.002213,0.000822
-0.024653,0.002063,0.000752
-0.026593,-0.000145,-0.000767
-0.025794,0.001837,0.000749
-0.029435,-0.000946,-0.000764
-0.028632,0.001273,0.000740
-0.034179,0.000172,0.000724
-0.035306,-0.002556,-0.000827
-0.034502,0.000098,0.000707
-0.041178,-0.004298,-0.001038
-0.040373,-0.001234,0.000401
-0.047092,-0.005987,-0.001257
-0.057388,-0.013105,-0.003360
-0.054373,-0.012696,-0.003542
-0.060414,-0.013523,-0.003153
-0.051374,-0.012001,-0.003682
-0.054367,-0.012689,-0.003531
-0.048441,-0.011229,-0.003854
-0.054354,-0.012673,-0.003502
-0.051360,-0.012020,-0.003661
-0.051328,-0.011910,-0.003569
-0.048366,-0.011082,-0.003697
-0.048404,-0.011198,-0.003807
-0.042604,-0.009181,-0.004063
-0.028238,-0.003479,-0.004254
-0.031058,-0.004635,-0.004240
-0.042552,-0.009055,-0.003912
-0.036803,-0.006842,-0.004089
-0.025386,-0.002557,-0.004052
-0.019332,-0.001422,-0.002458
-0.022262,-0.001715,-0.003059
-0.016397,-0.001275,-0.001811
-0.013662,-0.001724,-0.001816
-0.013656,-0.001713,-0.001805
-0.013415,-0.001256,-0.001334
-0.106086,-0.011671,-0.000880
-0.106086,-0.011672,-0.000883
-0.106086,-0.011673,-0.000884
-0.100401,-0.012343,-0.001064
-0.106083,-0.011659,-0.000871
-0.106084,-0.011665,-0.000875
-0.106072,-0.011595,-0.000842
-0.106079,-0.011631,-0.000858
-0.106081,-0.011647,-0.000865
-0.083277,-0.013508,-0.001788
-0.094701,-0.012827,-0.001286
-0.097559,-0.012651,-0.001181
-0.094697,-0.012809,-0.001264
-0.094701,-0.012832,-0.001280
-0.083277,-0.013513,-0.001781
-0.094679,-0.012709,-0.001221
-0.077563,-0.013774,-0.002085
-0.071847,-0.013907,-0.002403
-0.071847,-0.013899,-0.002407
-0.066127,-0.013857,-0.002767
-0.066127,-0.013866,-0.002763
-0.060413,-0.013531,-0.003150
-0.083272,-0.013490,-0.001762
-0.071842,-0.013884,-0.002381
-0.066121,-0.013843,-0.002740
-0.060407,-0.013509,-0.003127
-0.083251,-0.013386,-0.001712
-0.054326,-0.012569,-0.003424
-0.057343,-0.013063,-0.003258
-0.060381,-0.013410,-0.003064
-0.066097,-0.013740,-0.002679
-0.071819,-0.013779,-0.002323
-0.094603,-0.012278,-0.001091
-0.083166,-0.012935,-0.001560
-0.071724,-0.013323,-0.002148
-0.065996,-0.013289,-0.002494
-0.060275,-0.012971,-0.002870
-0.057238,-0.012628,-0.003053
-0.054217,-0.012131,-0.003197
-0.051213,-0.011467,-0.003309
-0.048241,-0.010633,-0.003397
-0.042397,-0.008607,-0.003523
-0.036615,-0.006416,-0.003615
-0.030835,-0.004258,-0.003709
-0.028008,-0.003137,-0.003710
-0.025170,-0.002241,-0.003507
-0.014586,0.002503,0.001204
-0.013528,0.002494,0.001254
-0.011710,0.002353,0.001254
-0.045352,-0.002364,0.000143
-0.046286,-0.002526,0.000109
-0.050078,-0.006699,-0.001329
-0.052240,-0.003562,-0.000107
-0.053083,-0.007268,-0.001356
-0.052477,-0.003603,-0.000116
-0.056090,-0.007683,-0.001323
-0.055226,-0.003811,-0.000077
-0.058195,-0.004035,-0.000036
-0.018798,-0.000401,-0.001293
-0.021697,-0.000657,-0.001780
-0.024566,-0.001124,-0.002157
-0.027373,-0.001917,-0.002337
-0.030212,-0.002911,-0.002346
-0.036052,-0.004864,-0.002353
-0.041892,-0.006904,-0.002430
-0.047783,-0.008835,-0.002488
-0.050769,-0.009639,-0.002484
-0.053780,-0.010282,-0.002442
-0.056800,-0.010758,-0.002353
-0.059827,-0.011074,-0.002201
-0.128699,-0.004901,-0.000113
-0.126073,-0.006285,-0.000219
-0.127387,-0.005592,-0.000166
-0.111905,-0.010332,-0.000671
-0.109001,-0.011097,-0.000795
-0.124760,-0.006977,-0.000273
-0.123466,-0.007531,-0.000309
-0.119172,-0.008935,-0.000462
-0.117720,-0.009249,-0.000510
-0.119115,-0.008953,-0.000464
-0.122665,-0.006202,-0.000161
-0.124177,-0.001613,0.000287
-0.121157,-0.006419,-0.000167
-0.122458,-0.001223,0.000375
-0.118060,-0.006821,-0.000182
-0.125784,-0.001978,0.000204
-0.124117,-0.005972,-0.000156
-0.127036,-0.002689,0.000090
-0.125458,-0.005749,-0.000158
-0.117729,-0.009237,-0.000504
-0.117805,-0.008685,-0.000424
-0.120742,-0.008053,-0.000347
-0.123592,-0.007229,-0.000276
-0.126247,-0.006175,-0.000212
-0.124104,-0.007322,-0.000299
-0.123896,-0.007432,-0.000308
-0.123415,-0.007585,-0.000323
-0.122000,-0.008035,-0.000370
-0.120642,-0.008445,-0.000394
-0.120585,-0.008485,-0.000416
-0.127708,-0.005236,-0.000153
-0.126634,-0.005517,-0.000163
-0.111802,-0.007558,-0.000242
-0.111885,-0.009796,-0.000583
-0.107489,-0.011418,-0.000844
-0.111909,-0.010459,-0.000694
-0.111907,-0.010481,-0.000700
-0.114814,-0.009865,-0.000605
-0.117744,-0.009132,-0.000487
-0.128466,-0.004328,-0.000117
-0.128374,-0.004207,-0.000102
-0.127808,-0.003469,-0.000012
-0.127346,-0.002864,0.000062
-0.116751,-0.000762,0.000642
-0.118866,-0.000933,0.000543
-0.104436,-0.001772,0.001074
-0.104167,-0.000156,0.001353
-0.111540,-0.000490,0.001102
-0.111909,-0.010461,-0.000677
-0.118845,0.007750,0.001846
-0.120013,0.007449,0.001727
-0.120013,0.007427,0.001745
-0.111193,0.008872,0.002419
-0.111276,0.006623,0.002147
-0.102810,0.008037,0.002649
-0.103044,0.006620,0.002455
-0.128962,-0.004054,-0.000088
-0.128591,-0.004566,-0.000100
-0.129461,0.001205,0.000462
-0.129518,0.001057,0.000441
-0.129522,0.000656,0.000389
-0.126248,-0.006177,-0.000186
-0.120642,-0.008447,-0.000368
-0.102249,0.011444,0.003061
-0.102249,0.011449,0.003058
-0.111160,0.009562,0.002442
-0.102249,0.011450,0.003057
-0.117730,-0.009239,-0.000490
-0.123467,-0.007532,-0.000287
-0.123593,-0.007233,-0.000231
-0.118063,-0.006838,-0.000045
-0.121160,-0.006432,-0.000045
-0.120743,-0.008059,-0.000291
-0.129095,-0.001345,0.000224
-0.128388,-0.004199,-0.000055
-0.127866,-0.003436,0.000081
-0.127708,-0.005238,-0.000125
-0.126636,-0.005522,-0.000107
-0.122006,0.006934,0.001523
-0.122205,0.006839,0.001514
-0.119999,0.007319,0.001749
-0.122186,0.006737,0.001518
-0.119938,0.006866,0.001725
-0.124315,0.005980,0.001280
-0.124330,0.006064,0.001264
-0.122206,0.006860,0.001501
-0.122106,0.006309,0.001500
-0.124216,0.005583,0.001268
-0.126325,0.004948,0.001053
-0.126210,0.004592,0.001045
-0.127293,0.004411,0.000926
-0.127293,0.004411,0.000926
-0.126324,0.005000,0.001037
-0.125354,0.005589,0.001148
-0.124963,0.005827,0.001193
-0.119684,0.004994,0.001541
-0.121769,0.004541,0.001345
-0.123801,0.003942,0.001140
-0.125728,0.003117,0.000943
-0.127453,0.001997,0.000745
-0.129067,-0.003159,-0.000009
-0.125461,-0.005757,-0.000078
-0.127072,-0.002649,0.000245
-0.127521,-0.003040,0.000162
-0.128681,0.000465,0.000501
-0.128973,-0.000431,0.000361
-0.129187,0.001449,0.000553
-0.129430,0.000394,0.000399
-0.128104,0.003564,0.000827
-0.128077,0.003599,0.000805
-0.128846,0.002757,0.000694
-0.128852,0.002778,0.000684
-0.128853,0.002773,0.000689
-0.128845,0.002796,0.000687
-0.128469,0.003188,0.000745
-0.128816,0.002692,0.000699
-0.128690,0.002419,0.000697
-0.128163,0.001288,0.000631
-0.126487,-0.002294,0.000320
-0.124119,-0.005982,-0.000057
-0.129053,0.002256,0.000610
-0.122667,-0.006213,-0.000049
-0.129280,-0.002831,-0.000004
-0.129079,-0.003893,-0.000089
-0.129531,-0.000476,0.000243
-0.129538,-0.001337,0.000132
-0.129482,-0.000685,0.000250
-0.129494,-0.001601,0.000108
-0.129305,-0.002722,0.000007
-0.129107,-0.003854,-0.000091
-0.129211,-0.003282,-0.000044
-0.129114,-0.003845,-0.000093
-0.129118,-0.003837,-0.000094
-0.129258,0.001729,0.000536
-0.129526,0.000090,0.000316
-0.127310,0.004401,0.000924
-0.127978,0.003259,0.000823
-0.102253,0.011423,0.003067
-0.102251,0.011437,0.003065
-0.102250,0.011440,0.003063
-0.111168,0.009547,0.002459
-0.111172,0.009416,0.002460
-0.102280,0.011253,0.003067
-0.102267,0.011333,0.003071
-0.102264,0.011355,0.003073
-0.102256,0.011403,0.003068
-0.102383,0.010627,0.003004
-0.102328,0.010962,0.003050
-0.102320,0.011009,0.003054
-0.112544,0.009268,0.002347
-0.125787,-0.001997,0.000385
-0.124198,-0.001553,0.000494
-0.122482,-0.001251,0.000599
-0.120696,-0.001057,0.000705
-0.118875,-0.000930,0.000805
-0.111905,-0.010337,-0.000636
-0.111885,-0.009807,-0.000508
-0.117806,-0.008693,-0.000361
-0.117745,-0.009135,-0.000457
-0.111803,-0.007582,-0.000079
-0.129116,-0.003842,-0.000094
-0.128908,-0.004371,-0.000104
-0.009412,-0.002349,-0.001899
-0.008804,-0.002490,-0.001831
-0.008784,-0.002486,-0.001731
-0.005561,0.001264,0.000832
-0.005534,0.001339,0.000852
-0.006878,0.001623,0.000963
-0.002891,0.005857,0.000716
-0.005083,0.006616,0.001328
-0.005085,0.006557,0.001432
-0.000710,0.005099,0.000131
-0.000699,0.005099,0.000103
-0.000822,0.005096,0.000240
-0.005103,0.006458,0.001524
-0.000973,0.005091,0.000387
-0.003020,0.004527,0.001197
-0.005191,0.006130,0.001667
-0.003295,0.004346,0.001236
-0.005583,0.004966,0.001728
-0.003844,0.003986,0.001312
-0.002460,0.004778,0.001053
-0.001579,0.005021,0.000722
-0.000974,0.005091,0.000389
-0.006199,0.003326,0.001462
-0.005161,0.002354,0.001129
-0.004744,0.002989,0.001240
-0.004540,0.003300,0.001294
-0.005699,0.000099,0.000444
-0.007566,-0.000016,0.000293
-0.005682,-0.000313,0.000297
-0.008209,-0.001454,-0.000518
-0.005494,-0.001263,-0.000048
-0.005664,-0.000403,0.000265
-0.005788,-0.001952,-0.000398
-0.005165,-0.002089,-0.000345
-0.005462,-0.001421,-0.000106
-0.005019,-0.002419,-0.000463
-0.006189,-0.002834,-0.001067
-0.004359,-0.003307,-0.000775
-0.004350,-0.003317,-0.000780
-0.006290,-0.003011,-0.001353
-0.004034,-0.003625,-0.000930
-0.003922,-0.003724,-0.001143
-0.003921,-0.003727,-0.001108
-0.005310,-0.003302,-0.001437
-0.006316,-0.003037,-0.001479
-0.006340,-0.003062,-0.001553
-0.003943,-0.003706,-0.001017
-0.003934,-0.003714,-0.001039
-0.003919,-0.003726,-0.001073
-0.008546,0.003796,0.001782
-0.011117,0.003747,0.001880
-0.009271,0.002045,0.001147
-0.011418,0.003034,0.001576
-0.009713,0.007414,0.002609
-0.007460,0.006719,0.002181
-0.009695,0.007469,0.002606
-0.007362,0.007071,0.002052
-0.009657,0.007618,0.002525
-0.009629,0.007729,0.002465
-0.009771,0.007246,0.002617
-0.010014,0.006529,0.002654
-0.007885,0.005496,0.002169
-0.010235,0.005972,0.002499
-0.010514,0.005266,0.002303
-0.010943,0.004186,0.002002
-0.009627,0.007743,0.002447
-0.007342,0.007180,0.001961
-0.009625,0.007759,0.002426
-0.007350,0.007220,0.001835
-0.009617,0.007824,0.002342
-0.008643,-0.002312,-0.001285
-0.008754,-0.002470,-0.001598
-0.011298,-0.002119,-0.002137
-0.011286,-0.002088,-0.001956
-0.011257,-0.002079,-0.001815
-0.011142,-0.001933,-0.001476
-0.010685,-0.001084,-0.000612
-0.010003,0.000371,0.000335
-0.011295,-0.001988,-0.002182
-0.005096,0.006638,0.001212
-0.004781,-0.002789,-0.001824
-0.004543,-0.003071,-0.001679
-0.006222,-0.002589,-0.001952
-0.006324,-0.002977,-0.001695
-0.001767,0.004983,-0.000327
-0.002829,0.004615,-0.000562
-0.003402,0.004837,-0.000443
-0.004672,0.003134,-0.001212
-0.005272,0.002120,-0.001552
-0.007002,0.002529,-0.001482
-0.005310,0.002004,-0.001582
-0.007681,0.000826,-0.001980
-0.005590,0.001144,-0.001808
-0.005684,0.000241,-0.001971
-0.004311,0.003505,-0.001062
-0.006314,0.004168,-0.000812
-0.003841,0.003988,-0.000867
-0.005671,0.005606,-0.000001
-0.003723,0.004063,-0.000831
-0.002888,0.004595,-0.000575
-0.000978,0.005091,-0.000152
-0.001331,0.005043,-0.000231
-0.003001,0.005719,0.000225
-0.002900,0.005896,0.000512
-0.000840,0.005096,-0.000088
-0.002874,0.005922,0.000637
-0.000700,0.005102,0.000058
-0.000750,0.005099,-0.000046
-0.000715,0.005099,-0.000003
-0.000704,0.005099,0.000011
-0.003972,-0.003681,-0.001243
-0.003996,-0.003659,-0.001266
-0.006306,-0.002890,-0.001791
-0.004143,-0.003522,-0.001405
-0.004234,-0.003438,-0.001491
-0.005612,-0.000814,-0.002073
-0.005609,-0.000851,-0.002076
-0.005852,-0.001481,-0.002099
-0.005365,-0.001626,-0.002040
-0.005272,-0.001924,-0.002026
-0.011274,-0.001879,-0.002273
-0.011177,-0.001527,-0.002402
-0.010751,-0.000304,-0.002390
-0.010091,0.001396,-0.002003
-0.008795,-0.002405,-0.001950
-0.008777,-0.002305,-0.002043
-0.008689,-0.001978,-0.002185
-0.008297,-0.000814,-0.002246
-0.005699,0.000099,-0.001997
-0.005126,0.006622,0.001079
-0.005237,0.006464,0.000767
-0.009668,0.007841,0.002012
-0.009638,0.007867,0.002134
-0.009630,0.007851,0.002212
-0.009627,0.007844,0.002243
-0.009365,0.003147,-0.001368
-0.011997,0.002990,-0.001680
-0.103903,0.001488,0.001294
-0.013958,0.003984,0.001989
-0.033801,0.002592,0.001808
-0.029032,0.003323,0.002006
-0.027949,0.003450,0.002000
-0.025098,0.003784,0.001985
-0.022458,0.004093,0.001970
-0.022352,0.004093,0.001971
-0.019575,0.004094,0.001999
-0.056822,-0.000286,0.001014
-0.051434,0.000093,0.001054
-0.048948,0.000267,0.001073
-0.045544,0.000790,0.001252
-0.039518,0.001715,0.001570
-0.092499,-0.000070,0.001385
-0.098350,-0.000113,0.001369
-0.063177,-0.000284,0.001150
-0.065401,-0.000284,0.001198
-0.069045,-0.000240,0.001232
-0.086698,-0.000027,0.001401
-0.080778,-0.000099,0.001345
-0.015311,0.004096,0.002042
-0.016771,0.004096,0.002027
-0.057314,-0.000285,0.001024
-0.100938,0.011190,0.003128
-0.096371,0.011725,0.003303
-0.096318,0.012205,0.003362
-0.026159,0.010605,0.004602
-0.026168,0.010649,0.004559
-0.031779,0.011179,0.004761
-0.020640,0.010032,0.003762
-0.048599,0.012767,0.004424
-0.037398,0.011778,0.004603
-0.037396,0.011769,0.004621
-0.031797,0.011273,0.004634
-0.054231,0.013099,0.004371
-0.054221,0.013145,0.004367
-0.066241,0.013592,0.004093
-0.078279,0.013494,0.003778
-0.078283,0.013466,0.003787
-0.099280,0.011937,0.003218
-0.096302,0.012302,0.003357
-0.090310,0.012875,0.003533
-0.048600,0.012764,0.004435
-0.054215,0.013178,0.004356
-0.054215,0.013173,0.004359
-0.054218,0.013161,0.004364
-0.054244,0.013036,0.004370
-0.066263,0.013482,0.004099
-0.078302,0.013360,0.003792
-0.090326,0.012774,0.003538
-0.040197,0.011990,0.004585
-0.043000,0.012223,0.004534
-0.043004,0.012199,0.004541
-0.048610,0.012701,0.004455
-0.040196,0.012007,0.004573
-0.040196,0.012019,0.004560
-0.042998,0.012243,0.004526
-0.042997,0.012259,0.004517
-0.045801,0.012496,0.004483
-0.020603,0.010016,0.003905
-0.015069,0.009068,0.003109
-0.015096,0.009069,0.002965
-0.026194,0.010709,0.004455
-0.026233,0.010729,0.004328
-0.031792,0.011265,0.004659
-0.031803,0.011278,0.004609
-0.037400,0.011785,0.004585
-0.040197,0.012029,0.004546
-0.042996,0.012271,0.004506
-0.045799,0.012511,0.004476
-0.048601,0.012755,0.004442
-0.048603,0.012741,0.004447
-0.048606,0.012723,0.004452
-0.042997,0.012284,0.004482
-0.042996,0.012279,0.004495
-0.040202,0.012037,0.004514
-0.040199,0.012034,0.004530
-0.045798,0.012532,0.004453
-0.045797,0.012530,0.004459
-0.044397,0.012408,0.004470
-0.045798,0.012522,0.004468
-0.044397,0.012402,0.004481
-0.048599,0.012770,0.004427
-0.054211,0.013180,0.004350
-0.042998,0.012286,0.004475
-0.042999,0.012286,0.004468
-0.045798,0.012534,0.004448
-0.045799,0.012534,0.004442
-0.043000,0.012285,0.004461
-0.031825,0.011277,0.004524
-0.037408,0.011788,0.004544
-0.031809,0.011281,0.004581
-0.037404,0.011788,0.004565
-0.031834,0.011271,0.004493
-0.037414,0.011785,0.004522
-0.051778,0.012441,0.004359
-0.043062,0.011855,0.004581
-0.043025,0.012066,0.004555
-0.037400,0.011639,0.004698
-0.040203,0.011919,0.004613
-0.031782,0.011222,0.004724
-0.034588,0.011464,0.004722
-0.037395,0.011695,0.004677
-0.035340,0.011335,0.004777
-0.031785,0.011037,0.004740
-0.031779,0.011125,0.004792
-0.026994,0.010635,0.004689
-0.037420,0.011475,0.004724
-0.026160,0.010531,0.004606
-0.020580,0.009967,0.004024
-0.020584,0.009830,0.004050
-0.018183,0.009529,0.003811
-0.015054,0.009038,0.003233
-0.015076,0.008910,0.003278
-0.026179,0.010684,0.004510
-0.031788,0.011253,0.004682
-0.034591,0.011501,0.004687
-0.037394,0.011739,0.004652
-0.092017,0.012235,0.003469
-0.047199,0.012640,0.004455
-0.047198,0.012649,0.004447
-0.048599,0.012768,0.004431
-0.054213,0.013179,0.004353
-0.037394,0.011755,0.004637
-0.040198,0.011970,0.004596
-0.043012,0.012140,0.004550
-0.054284,0.012855,0.004353
-0.054344,0.012548,0.004307
-0.090393,0.012325,0.003503
-0.081190,0.012833,0.003696
-0.078380,0.012869,0.003765
-0.066352,0.013020,0.004058
-0.065799,0.013027,0.004072
-0.012767,0.006997,0.003091
-0.097148,0.007158,0.002663
-0.013302,0.005607,0.002699
-0.049746,0.007494,0.003241
-0.043963,0.007635,0.003512
-0.043380,0.010307,0.004252
-0.078732,0.011003,0.003478
-0.079314,0.007836,0.002918
-0.066747,0.011070,0.003726
-0.067402,0.007838,0.003071
-0.054777,0.010687,0.003913
-0.055499,0.007545,0.003141
-0.049089,0.010460,0.004030
-0.091213,0.007521,0.002777
-0.043185,0.011238,0.004456
-0.054520,0.011812,0.004164
-0.015061,0.008895,0.003426
-0.020573,0.009770,0.004196
-0.015083,0.008777,0.003497
-0.015170,0.008441,0.003577
-0.020672,0.009189,0.004269
-0.020590,0.009615,0.004247
-0.026251,0.009680,0.004694
-0.026171,0.010211,0.004726
-0.031956,0.009992,0.004769
-0.031836,0.010640,0.004854
-0.037667,0.010179,0.004549
-0.037509,0.010965,0.004696
-0.026155,0.010405,0.004696
-0.031801,0.010878,0.004850
-0.038179,0.007868,0.003891
-0.032396,0.008041,0.004209
-0.026615,0.008057,0.004236
-0.021031,0.007876,0.003942
-0.015523,0.007367,0.003446
-0.050573,0.003804,0.002170
-0.044724,0.004249,0.002435
-0.038888,0.004868,0.002830
-0.033054,0.005449,0.003186
-0.027216,0.005866,0.003281
-0.021624,0.006083,0.003131
-0.016087,0.005857,0.002905
-0.056396,0.003665,0.002117
