1,2,3
4,5,6
6,5,7
6,7,3
3,7,8
3,8,1
9,10,4
4,10,11
4,11,5
12,13,14
15,16,17
18,19,17
17,19,20
17,20,15
21,22,18
18,22,23
18,23,19
14,24,12
12,24,25
12,25,9
9,25,26
9,26,10
27,28,29
29,28,30
29,30,13
13,30,31
13,31,14
15,32,16
16,32,33
16,33,27
27,33,34
27,34,28
35,36,37
37,36,38
37,38,39
40,41,35
35,41,42
35,42,36
38,43,39
39,43,44
39,44,21
21,44,45
21,45,22
46,47,40
40,47,48
40,48,41
49,50,46
46,50,51
46,51,47
1,52,2
2,52,53
2,53,54
54,53,55
54,55,49
49,55,56
49,56,50
57,58,2
2,58,3
58,59,3
3,59,60
3,60,6
6,60,61
6,61,4
4,61,62
4,62,9
9,62,63
9,63,12
12,63,64
12,64,13
13,64,65
13,65,29
29,65,66
29,66,27
27,66,67
27,67,16
16,67,68
16,68,17
17,68,69
17,69,18
18,69,70
18,70,21
21,70,71
21,71,39
39,71,72
39,72,37
37,72,73
37,73,35
35,73,74
35,74,40
40,74,75
40,75,46
46,75,76
46,76,49
49,76,57
49,57,54
54,57,2
77,78,52
52,78,53
78,79,53
53,79,80
53,80,55
55,80,81
55,81,56
56,81,82
56,82,50
50,82,83
50,83,51
51,83,84
51,84,47
47,84,85
47,85,48
48,85,86
48,86,41
41,86,87
41,87,42
42,87,88
42,88,36
36,88,89
36,89,38
38,89,90
38,90,43
43,90,91
43,91,44
44,91,92
44,92,45
45,92,93
45,93,22
22,93,94
22,94,23
23,94,95
23,95,19
19,95,96
19,96,20
20,96,97
20,97,15
15,97,98
15,98,32
32,98,99
32,99,33
33,99,100
33,100,34
34,100,101
34,101,28
28,101,102
28,102,30
30,102,103
30,103,31
31,103,104
31,104,14
14,104,105
14,105,24
24,105,106
24,106,25
25,106,107
25,107,26
26,107,108
26,108,10
10,108,109
10,109,11
11,109,110
11,110,5
5,110,111
5,111,7
7,111,112
7,112,8
8,112,77
8,77,1
1,77,52
113,114,115
115,114,116
115,116,117
117,116,118
117,118,119
119,118,120
119,120,121
121,120,122
67,120,68
68,120,118
68,118,69
69,118,70
67,66,120
120,66,65
120,65,122
122,65,64
64,63,122
122,63,62
122,62,123
123,62,61
61,60,123
123,60,59
123,59,114
114,59,58
114,58,57
74,116,75
75,116,114
75,114,76
76,114,57
74,73,116
116,73,72
116,72,118
118,72,71
118,71,70
124,123,113
113,123,114
125,126,127
127,126,124
127,124,113
127,128,125
125,128,129
125,129,130
130,129,131
131,132,130
130,132,133
130,133,134
135,128,115
115,128,127
115,127,113
135,136,128
128,136,137
128,137,129
129,137,138
129,138,131
131,138,139
131,139,132
132,139,140
132,140,133
115,117,141
142,136,141
141,136,135
141,135,115
139,138,142
142,138,137
142,137,136
142,143,139
139,143,144
139,144,140
117,119,145
117,145,141
141,145,146
141,146,142
142,146,147
142,147,143
143,147,148
143,148,144
119,121,149
119,149,145
145,149,150
145,150,146
146,150,151
146,151,147
147,151,152
147,152,148
121,122,124
124,122,123
92,91,144
87,140,88
88,140,89
100,99,148
106,105,152
152,105,104
144,91,140
140,91,90
140,90,89
95,94,144
144,94,93
144,93,92
112,111,134
134,111,110
83,82,133
133,82,81
133,81,80
80,79,133
133,79,78
133,78,134
134,78,77
134,77,112
87,86,140
140,86,85
140,85,133
133,85,84
133,84,83
99,98,148
148,98,97
148,97,144
144,97,96
144,96,95
110,109,134
134,109,108
134,108,152
152,108,107
152,107,106
104,103,152
152,103,102
152,102,148
148,102,101
148,101,100
121,124,126
121,126,149
149,126,125
149,125,150
150,125,130
150,130,151
151,130,134
151,134,152
153,154,155
153,155,156
157,158,155
155,158,159
155,159,156
160,161,155
155,161,162
155,162,157
163,164,155
155,164,165
155,165,160
166,167,168
169,170,168
168,170,171
168,171,166
172,173,168
168,173,174
168,174,169
175,176,168
168,176,177
168,177,172
178,179,180
181,182,183
184,185,186
187,188,189
190,191,192
192,191,193
194,195,196
196,195,197
196,197,198
199,200,201
202,203,204
204,203,205
204,205,190
206,207,208
208,207,209
208,209,210
211,212,213
213,212,214
214,215,206
206,215,216
206,216,207
211,213,217
217,213,218
217,218,219
220,221,218
218,221,222
218,222,219
223,224,225
223,225,189
189,225,226
189,226,187
227,228,229
229,228,230
229,230,223
223,230,231
223,231,224
185,232,186
186,232,233
186,233,229
229,233,234
229,234,227
183,182,186
186,182,235
186,235,184
236,237,238
238,237,239
181,183,240
240,183,241
240,241,242
242,241,238
242,238,243
243,238,239
243,239,244
245,246,247
247,246,248
249,250,251
251,250,252
251,252,253
253,252,254
255,256,257
257,256,258
257,258,259
259,258,260
259,260,261
262,263,264
264,263,265
266,267,268
268,267,269
268,269,270
271,272,273
273,272,274
273,274,268
268,274,275
268,275,266
271,273,276
276,273,277
276,277,278
278,277,279
279,277,280
279,280,281
282,283,280
280,283,284
280,284,281
285,286,282
282,286,287
282,287,283
288,289,285
285,289,290
285,290,286
291,292,293
293,292,294
295,296,297
297,296,298
295,299,296
296,299,300
296,300,301
302,303,304
304,303,305
304,305,306
307,308,309
309,308,310
309,310,304
304,310,311
304,311,302
312,313,254
250,245,252
252,245,247
252,247,254
254,247,314
254,314,312
312,315,313
313,315,316
313,316,317
317,316,318
317,318,319
261,253,259
259,253,254
259,254,257
257,254,313
257,313,255
255,313,317
265,320,264
264,320,321
264,321,322
322,321,323
322,323,324
320,256,321
321,256,255
321,255,323
323,255,317
323,317,324
324,317,319
324,319,325
325,319,326
291,288,292
292,288,285
292,285,327
327,285,282
327,282,328
328,282,280
328,280,329
329,280,277
329,277,330
330,277,273
330,273,331
331,273,268
331,268,332
332,268,270
333,334,335
335,334,336
335,336,337
337,336,338
337,338,339
339,338,340
339,340,326
326,340,341
326,341,325
334,294,336
336,294,292
336,292,338
338,292,327
338,327,340
340,327,328
340,328,341
341,328,329
341,329,325
325,329,330
325,330,324
324,330,331
324,331,322
322,331,332
322,332,264
264,332,270
264,270,262
342,343,344
344,343,345
344,345,196
196,345,346
196,346,194
194,346,347
194,347,348
304,342,309
309,342,344
309,344,307
307,344,196
307,196,349
349,196,198
350,351,352
190,192,204
204,192,353
204,353,202
200,348,201
201,348,347
201,347,354
354,347,346
354,346,355
355,346,345
355,345,356
356,345,343
356,343,357
357,343,342
357,342,358
358,342,304
358,304,301
301,304,306
301,306,296
296,306,359
296,359,298
199,201,193
193,201,354
193,354,192
192,354,355
192,355,353
353,355,356
353,356,360
360,356,357
360,357,333
333,357,358
333,358,334
334,358,301
334,301,294
294,301,300
294,300,293
186,361,183
183,361,362
183,362,241
241,362,363
241,363,238
238,363,180
238,180,236
236,180,179
352,351,364
364,351,365
364,365,366
366,365,367
366,367,189
189,367,368
189,368,223
223,368,369
223,369,229
229,369,370
229,370,186
186,370,371
186,371,361
188,220,189
189,220,218
189,218,366
366,218,213
366,213,364
364,213,214
364,214,352
352,214,206
352,206,350
350,206,208
248,178,247
247,178,180
247,180,314
314,180,363
314,363,312
312,363,362
312,362,315
315,362,361
315,361,316
316,361,371
316,371,318
318,371,370
318,370,319
319,370,369
319,369,326
326,369,368
326,368,339
339,368,367
339,367,337
337,367,365
337,365,335
335,365,351
335,351,333
333,351,350
333,350,360
360,350,208
360,208,353
353,208,210
353,210,202
372,373,374
375,376,377
378,379,380
381,382,383
383,382,384
385,386,387
388,389,390
373,372,391
392,393,394
395,388,396
396,388,390
396,390,397
389,398,399
399,398,400
399,400,401
394,391,392
392,391,372
392,372,402
402,372,401
402,401,403
403,401,400
404,386,405
405,386,385
405,385,406
406,385,407
408,407,409
409,407,385
409,385,410
410,385,387
410,387,411
412,413,414
415,416,417
417,416,418
417,418,419
419,418,420
419,420,414
414,420,421
414,421,412
412,422,413
413,422,423
413,423,424
424,423,425
424,425,426
379,427,380
380,427,428
380,428,429
429,428,430
429,430,431
431,430,432
431,432,433
433,432,434
433,434,435
435,434,436
435,436,437
437,436,438
437,438,439
439,438,440
439,440,441
382,441,384
384,441,440
384,440,442
442,440,438
442,438,426
426,438,436
426,436,424
424,436,434
424,434,413
413,434,432
413,432,414
414,432,430
414,430,419
419,430,428
419,428,417
443,383,444
444,383,384
444,384,445
445,384,442
445,442,446
446,442,426
446,426,447
447,426,425
448,449,450
450,449,451
451,378,450
450,378,380
450,380,452
452,380,429
452,429,453
453,429,431
453,431,454
454,431,433
454,433,455
455,433,435
455,435,456
456,435,437
456,437,457
457,437,439
457,439,458
458,439,441
458,441,459
459,441,382
459,382,460
460,382,381
377,461,375
375,461,462
375,462,463
463,462,464
463,464,465
465,464,466
465,466,467
467,466,468
469,470,471
471,470,472
471,472,473
468,474,467
467,474,475
467,475,476
476,475,477
476,477,469
469,477,478
469,478,470
472,479,480
389,399,390
390,399,481
390,481,397
374,482,372
372,482,483
372,483,401
401,483,484
401,484,399
399,484,485
399,485,481
486,415,487
487,415,417
487,417,488
488,417,428
488,428,489
489,428,427
404,490,386
386,490,395
386,395,387
387,395,396
387,396,411
472,480,473
473,480,491
473,491,492
492,448,473
473,448,450
473,450,471
471,450,452
471,452,469
469,452,453
469,453,476
476,453,454
476,454,467
467,454,455
467,455,465
465,455,456
465,456,463
463,456,457
463,457,375
375,457,458
375,458,376
376,458,459
376,459,493
493,459,460
493,460,494
495,496,494
494,496,497
494,497,493
493,497,498
493,498,376
376,498,499
376,499,377
397,495,396
396,495,494
396,494,411
411,494,460
411,460,410
410,460,381
410,381,409
409,381,383
409,383,408
408,383,443
500,501,502
503,504,505
506,507,508
509,510,511
512,513,514
513,512,515
516,517,518
519,520,521
522,523,524
525,526,527
527,526,528
529,526,530
530,526,531
529,532,526
526,532,533
526,533,528
534,535,536
536,535,537
536,537,538
538,537,539
538,539,526
540,536,541
541,536,538
541,538,542
542,538,526
542,526,543
543,526,525
544,545,546
546,545,547
546,547,548
549,550,551
551,550,552
553,554,555
555,554,556
555,556,557
557,556,558
559,558,560
560,558,556
560,556,561
561,556,554
562,559,563
563,559,560
563,560,564
564,560,561
564,561,565
565,561,554
565,554,566
566,554,553
566,553,567
568,569,552
552,569,570
518,571,572
572,571,573
572,573,574
521,575,519
519,575,576
519,576,577
577,576,578
577,578,579
520,519,580
580,519,577
580,577,581
581,577,579
581,579,582
518,517,571
571,517,583
571,583,573
584,585,586
584,586,587
586,588,587
587,588,589
587,589,590
590,589,591
590,591,514
501,509,502
502,509,511
502,511,592
592,511,593
592,593,594
594,593,584
594,584,595
595,584,587
595,587,596
596,587,590
596,590,597
597,590,514
597,514,598
598,514,513
598,513,599
599,513,515
599,515,600
600,515,601
600,601,602
591,603,514
514,603,604
514,604,512
512,604,605
512,605,606
575,602,576
576,602,601
576,601,578
578,601,515
578,515,579
579,515,512
579,512,582
582,512,606
582,606,607
443,444,608
608,444,445
608,445,609
610,611,407
573,612,611
611,612,406
611,406,407
549,612,550
550,612,573
550,573,552
552,573,613
552,613,614
614,613,523
614,523,552
552,523,522
552,522,568
507,506,615
615,506,616
615,616,617
616,618,617
617,618,619
617,619,610
610,619,620
610,620,611
611,620,621
611,621,573
445,446,609
609,446,447
609,447,622
407,408,610
610,408,443
610,443,617
617,443,608
617,608,615
615,608,609
615,609,507
507,609,622
507,622,508
623,422,412
623,412,624
422,623,423
423,623,625
423,625,425
486,626,415
415,626,627
412,421,624
624,421,420
624,420,628
628,420,418
628,418,627
627,418,416
627,416,415
447,425,622
622,425,625
622,625,508
508,625,629
508,629,506
506,629,567
506,567,616
616,567,553
616,553,618
618,553,555
618,555,619
619,555,557
619,557,620
620,557,558
620,558,621
621,558,559
621,559,573
573,559,562
543,630,542
542,630,631
542,631,632
540,400,398
398,546,540
540,546,548
540,548,536
536,548,633
536,633,534
400,540,403
403,540,541
403,541,402
402,541,542
402,542,392
392,542,632
392,632,393
585,584,634
634,584,593
634,593,635
635,593,511
635,511,505
505,511,510
505,510,503
570,636,552
552,636,637
552,637,551
551,637,638
551,638,544
544,638,639
544,639,545
626,500,627
627,500,502
627,502,628
628,502,592
628,592,624
624,592,594
624,594,623
623,594,595
623,595,625
625,595,596
625,596,629
629,596,597
629,597,567
567,597,598
567,598,566
566,598,599
566,599,565
565,599,600
565,600,564
564,600,602
564,602,563
563,602,575
563,575,562
562,575,521
562,521,573
573,521,520
573,520,574
574,520,580
574,580,572
572,580,581
572,581,518
518,581,582
518,582,516
516,582,607
398,389,546
546,389,388
546,388,544
544,388,395
544,395,551
551,395,490
551,490,549
549,490,404
549,404,612
612,404,405
612,405,406
640,641,642
643,644,645
646,647,648
649,650,651
652,531,526
653,654,655
656,657,658
656,658,659
660,661,662
662,661,663
662,663,664
665,659,666
666,659,658
666,658,667
667,658,668
667,668,669
669,668,664
669,664,670
670,664,663
671,672,673
673,672,674
674,672,675
674,675,676
673,677,671
671,677,678
671,678,679
679,678,680
679,680,681
680,682,681
681,682,683
681,683,684
684,683,685
684,685,686
686,685,687
686,687,688
636,570,689
689,570,569
569,568,690
568,522,690
690,522,524
690,524,523
569,690,689
689,690,691
689,691,636
613,692,693
613,573,692
692,573,583
692,583,694
694,583,517
695,696,697
697,696,698
699,516,700
700,516,607
700,607,606
701,702,603
696,699,698
698,699,700
698,700,703
703,700,606
703,606,704
704,606,605
704,605,702
702,605,604
702,604,603
603,591,701
701,591,589
701,589,705
705,589,588
705,588,586
706,707,585
585,634,706
706,634,635
706,635,708
708,635,505
708,505,504
504,709,708
708,709,710
708,710,711
712,713,526
526,713,714
526,714,652
715,716,526
526,716,717
526,717,712
718,719,715
715,719,720
715,720,716
534,721,535
535,721,722
535,722,537
537,722,723
724,725,726
650,718,651
651,718,715
651,715,727
534,633,721
721,633,548
721,548,728
723,722,725
725,722,721
725,721,726
726,721,728
726,728,729
730,547,545
730,545,731
545,639,731
731,639,638
731,638,691
691,638,637
691,637,636
548,547,728
728,547,730
728,730,729
729,730,731
729,731,732
732,731,691
732,691,733
733,691,690
733,690,693
693,690,523
693,523,613
724,726,734
734,726,729
734,729,735
735,729,732
735,732,736
736,732,733
736,733,737
737,733,693
737,693,695
695,693,692
695,692,696
696,692,694
696,694,699
699,694,517
699,517,516
735,738,734
734,738,727
734,727,724
724,727,715
724,715,725
725,715,526
725,526,723
723,526,539
723,539,537
697,739,695
695,739,740
695,740,737
737,740,741
737,741,736
736,741,742
736,742,735
735,742,743
735,743,738
647,649,648
648,649,651
648,651,744
744,651,727
744,727,745
745,727,738
745,738,746
746,738,743
746,743,747
747,743,742
747,742,748
748,742,741
748,741,749
749,741,740
749,740,750
750,740,739
750,739,751
751,739,697
751,697,752
752,697,698
752,698,753
753,698,703
753,703,754
754,703,704
754,704,755
755,704,702
755,702,756
756,702,701
756,701,757
757,701,705
757,705,707
707,705,586
707,586,585
676,675,758
758,675,655
758,655,759
759,655,654
759,654,760
687,761,688
688,761,762
688,762,763
763,762,764
763,764,765
765,764,766
765,766,767
767,766,768
767,768,643
643,768,769
643,769,644
641,653,642
642,653,655
642,655,770
770,655,675
770,675,771
771,675,672
771,672,772
772,672,671
772,671,773
773,671,679
773,679,774
774,679,681
774,681,775
775,681,684
775,684,776
776,684,686
776,686,777
777,686,688
777,688,778
778,688,763
778,763,779
779,763,765
779,765,780
780,765,767
780,767,781
781,767,643
781,643,660
660,643,645
660,645,661
711,640,708
708,640,642
708,642,706
706,642,770
706,770,707
707,770,771
707,771,757
757,771,772
757,772,756
756,772,773
756,773,755
755,773,774
755,774,754
754,774,775
754,775,753
753,775,776
753,776,752
752,776,777
752,777,751
751,777,778
751,778,750
750,778,779
750,779,749
749,779,780
749,780,748
748,780,781
748,781,747
747,781,660
747,660,746
746,660,662
746,662,745
745,662,664
745,664,744
744,664,668
744,668,648
648,668,658
648,658,646
646,658,657
782,783,784
393,632,785
532,529,786
787,783,788
789,790,791
792,793,794
794,793,795
794,795,796
797,798,799
799,798,800
790,789,801
796,802,794
794,802,803
794,803,792
792,803,804
805,800,804
804,800,798
804,798,792
792,798,797
792,797,793
787,788,806
807,806,808
808,806,788
808,788,809
809,788,810
809,810,811
782,812,805
805,812,813
805,813,800
391,394,814
814,394,815
786,529,816
816,529,530
816,530,531
631,630,817
817,630,543
525,527,818
818,527,528
818,528,786
786,528,533
786,533,532
819,817,818
818,817,543
818,543,525
632,631,785
785,631,817
785,817,801
801,817,819
801,819,790
789,811,801
801,811,820
801,820,785
785,820,815
785,815,393
393,815,394
782,821,812
812,821,822
812,822,813
813,822,823
813,823,800
800,823,824
800,824,799
802,810,803
803,810,788
803,788,804
804,788,783
804,783,805
805,783,782
374,373,825
825,373,796
825,796,826
826,796,795
811,810,820
820,810,802
820,802,815
815,802,796
815,796,814
814,796,373
814,373,391
827,828,829
819,818,830
831,832,833
834,835,836
836,835,837
838,782,839
840,841,842
783,843,782
809,811,844
845,846,847
847,846,848
847,848,198
811,789,849
849,789,791
849,791,790
806,808,787
787,808,850
787,850,783
783,850,851
783,851,843
852,853,854
854,853,851
854,851,844
844,851,850
844,850,809
809,850,808
855,856,857
857,856,858
782,843,858
858,843,859
858,859,857
832,860,833
833,860,861
833,861,862
862,861,863
862,863,864
865,863,866
866,863,861
866,861,867
867,861,860
864,863,868
868,863,865
868,865,869
869,865,870
869,870,871
872,873,874
874,873,870
874,870,875
875,870,865
875,865,876
876,865,866
877,864,878
878,864,868
878,868,879
879,868,869
879,869,880
880,869,871
880,871,881
838,839,882
883,884,885
885,884,886
885,886,887
887,886,888
887,888,889
890,891,892
893,894,895
895,894,896
897,888,898
898,888,886
898,886,899
899,886,884
899,884,900
900,884,883
900,883,901
893,902,894
894,902,892
894,892,896
896,892,891
853,903,851
851,903,901
851,901,843
843,901,883
843,883,859
859,883,885
859,885,857
857,885,887
857,887,855
855,887,889
882,904,838
838,904,905
838,905,782
906,907,908
908,907,909
908,909,910
904,911,905
905,911,782
882,908,904
904,908,910
904,910,911
911,910,912
911,912,913
913,912,914
897,915,888
888,915,840
888,840,889
889,840,842
889,842,916
872,917,873
873,917,891
873,891,870
870,891,890
870,890,871
871,890,918
871,918,881
919,920,847
847,920,921
847,921,845
922,923,924
924,925,922
922,925,926
922,926,927
836,928,834
834,928,929
834,929,923
923,929,930
923,930,924
931,922,847
847,922,927
847,927,919
877,835,864
864,835,834
864,834,862
862,834,923
862,923,833
833,923,922
833,922,831
831,922,931
881,932,880
880,932,933
880,933,879
879,933,934
879,934,878
878,934,935
878,935,877
877,935,936
877,936,835
835,936,829
835,829,837
837,829,828
531,652,816
816,652,786
652,714,786
786,714,713
786,713,818
818,713,712
712,717,818
818,717,716
818,716,830
830,716,720
830,720,719
719,718,830
830,718,650
830,650,937
646,938,647
647,938,937
647,937,649
649,937,650
938,939,937
937,939,940
937,940,830
830,940,849
830,849,819
819,849,790
811,849,844
844,849,940
844,940,854
854,940,939
854,939,852
852,939,938
852,938,941
941,938,646
941,646,657
657,656,941
941,656,659
941,659,665
914,942,913
913,942,943
913,943,911
911,943,782
916,906,889
889,906,908
889,908,855
855,908,882
855,882,856
856,882,839
856,839,858
858,839,782
902,915,892
892,915,897
892,897,890
890,897,898
890,898,918
918,898,899
918,899,881
881,899,900
881,900,932
932,900,901
932,901,933
933,901,903
933,903,934
934,903,853
934,853,935
935,853,852
935,852,936
936,852,941
936,941,829
829,941,665
829,665,827
944,945,946
947,948,949
949,950,951
155,947,952
952,947,949
952,949,953
953,949,951
954,955,956
956,955,957
956,957,958
954,959,955
955,959,960
955,960,950
950,960,961
950,961,951
958,957,962
962,957,963
962,963,964
965,966,963
963,966,967
963,967,964
968,969,965
965,969,970
965,970,966
971,972,968
968,972,973
968,973,969
974,975,976
975,974,977
977,974,978
977,978,979
979,978,980
980,978,981
980,981,982
983,984,985
985,984,986
985,986,987
982,981,988
988,981,986
988,986,989
989,986,984
989,984,990
991,992,993
993,992,994
995,996,997
997,996,998
997,998,999
999,998,1000
995,1001,996
996,1001,1002
996,1002,1003
1002,1004,1003
1003,1004,1005
1003,1005,991
991,1005,1006
991,1006,992
1000,998,1007
1007,998,1008
1007,1008,1009
1009,1008,1010
1009,1010,1011
976,972,974
974,972,971
974,971,978
978,971,1012
978,1012,981
981,1012,1013
981,1013,986
986,1013,946
986,946,987
987,946,945
486,1014,626
626,1014,1015
1016,501,1015
1015,501,500
1015,500,626
503,510,1016
1016,510,509
1016,509,501
1017,710,709
1017,709,1016
1016,709,504
1016,504,503
710,1017,711
711,1017,1018
711,1018,640
994,760,993
993,760,654
993,654,1019
1019,654,653
1019,653,1018
1018,653,641
1018,641,640
948,1010,949
949,1010,1008
949,1008,950
950,1008,998
950,998,955
955,998,996
955,996,957
957,996,1003
957,1003,963
963,1003,991
963,991,965
965,991,993
965,993,968
968,993,1019
968,1019,971
971,1019,1018
971,1018,1012
1012,1018,1017
1012,1017,1013
1013,1017,1016
1013,1016,946
946,1016,1015
946,1015,944
944,1015,1014
944,1014,1020
1010,948,1021
1022,1023,1024
1025,1026,1027
985,987,1028
1029,1030,1028
1028,1030,1031
1028,1031,985
985,1031,1032
985,1032,983
1033,1034,1035
1035,1034,1029
1035,1029,1036
1036,1029,1028
1026,1037,1027
1027,1037,1038
1027,1038,1035
1035,1038,1039
1035,1039,1033
1040,1041,1042
1043,1044,1045
1045,1044,1046
1045,1046,1041
1041,1046,1047
1041,1047,1042
1048,1049,1050
1050,1049,1051
1050,1051,1052
1052,1051,1024
1052,1024,1053
1053,1024,1023
1054,1055,1056
1056,1055,1022
1057,1058,1054
947,155,1059
1059,155,1060
1058,1057,1061
1061,1057,1059
1061,1059,1062
1062,1059,1060
1062,1060,1063
427,1064,489
489,1064,1020
489,1020,488
427,379,1064
1064,379,378
1064,378,1065
448,1066,449
449,1066,1065
449,1065,451
451,1065,378
480,1067,491
491,1067,1066
491,1066,492
492,1066,448
488,1020,487
487,1020,1014
487,1014,486
987,945,1028
1028,945,1068
1028,1068,1036
1036,1068,1069
1036,1069,1035
1035,1069,1070
1035,1070,1027
1027,1070,1040
1027,1040,1025
1025,1040,1042
1057,1071,1059
1059,1071,1021
1059,1021,947
947,1021,948
1072,245,250
1054,1056,1057
1057,1056,1072
1057,1072,1071
1071,1072,250
1071,250,249
249,1073,1071
1071,1073,1074
1071,1074,1021
1021,1074,1075
1021,1075,1010
1010,1075,1076
1010,1076,1011
236,179,1049
1049,179,178
1049,178,1051
1051,178,248
1051,248,246
1022,1024,1056
1056,1024,1051
1056,1051,1072
1072,1051,246
1072,246,245
945,944,1068
1068,944,1020
1068,1020,1069
1069,1020,1064
1069,1064,1070
1070,1064,1065
1070,1065,1040
1040,1065,1066
1040,1066,1041
1041,1066,1067
1041,1067,1045
1045,1067,1077
1048,1043,1049
1049,1043,1045
1049,1045,236
236,1045,1077
236,1077,237
237,1077,239
480,479,1067
1067,479,1078
1067,1078,1077
1077,1078,244
1077,244,239
210,209,485
211,217,497
497,217,498
461,377,188
217,219,498
498,219,222
498,222,499
499,222,221
499,221,377
377,221,220
377,220,188
464,231,466
466,231,230
466,230,468
468,230,228
468,228,474
474,228,227
474,227,234
185,478,232
232,478,477
232,477,233
181,472,182
182,472,470
182,470,235
235,470,478
235,478,184
184,478,185
233,477,234
234,477,475
234,475,474
188,187,461
461,187,226
461,226,462
462,226,225
462,225,464
464,225,224
464,224,231
374,1079,482
482,1079,483
1079,199,483
483,199,193
483,193,191
485,209,481
481,209,207
481,207,397
191,190,483
483,190,205
483,205,484
484,205,203
484,203,485
485,203,202
485,202,210
244,1078,243
243,1078,242
1078,479,242
242,479,472
242,472,240
240,472,181
207,216,397
397,216,215
397,215,495
495,215,496
496,215,214
496,214,497
497,214,212
497,212,211
994,992,1080
827,665,666
1081,683,1082
1082,683,682
1082,682,1083
1083,682,1084
682,680,1084
1084,680,678
1084,678,1085
1085,678,677
1085,677,1086
1086,677,1087
1088,766,1089
1089,766,764
1089,764,1090
1090,764,762
1090,762,1091
1091,762,761
1091,761,1092
1092,761,687
1092,687,1081
1081,687,685
1081,685,683
1093,1094,666
666,1094,828
666,828,827
1095,1096,661
661,1096,663
663,1096,1097
663,1097,670
666,667,1093
1093,667,669
1093,669,1098
1098,669,670
1098,670,1099
1099,670,1097
760,994,759
759,994,1080
759,1080,758
758,1080,1100
758,1100,676
676,1100,1101
676,1101,674
674,1101,1087
674,1087,673
673,1087,677
661,645,1095
1095,645,644
1095,644,1102
1102,644,769
1102,769,1088
1088,769,768
1088,768,766
1075,1074,1103
1104,1105,1106
1107,1108,1109
265,263,1110
1111,1112,1113
1114,1115,1116
306,305,1117
349,198,848
349,848,307
311,310,1118
1118,310,308
1118,308,307
1119,919,927
845,921,1119
1119,921,920
1119,920,919
307,848,1118
1118,848,846
1118,846,311
305,303,1120
1120,303,1119
1120,1119,1106
1106,1119,927
846,845,311
311,845,1119
311,1119,302
302,1119,303
1121,1122,1123
1123,1122,293
1124,293,1125
1125,293,1122
1125,1122,1126
1126,1122,1127
299,295,300
300,295,1117
1128,1127,1129
1129,1127,1122
1129,1122,1130
1130,1122,1121
1130,1121,1131
359,306,298
298,306,1117
298,1117,297
297,1117,295
1132,1133,1134
1134,1133,1135
1134,1135,1128
1136,1137,1138
1138,1137,1135
1138,1135,1139
1139,1135,1133
1139,1133,1140
1140,1133,1132
1140,1132,1115
1116,1141,1114
1114,1141,1142
1114,1142,1143
1143,1142,1144
1143,1144,1145
1145,1144,1146
1147,1111,1136
1136,1111,1113
1136,1113,1137
1115,1114,1140
1140,1114,1143
1140,1143,1139
1139,1143,1145
1139,1145,1138
1138,1145,1146
1138,1146,1136
1136,1146,1148
1136,1148,1147
1128,1135,1127
1127,1135,1137
1127,1137,1126
1126,1137,1113
1126,1113,1125
1125,1113,1112
1125,1112,1124
1149,1150,1151
1151,1150,1152
1153,1154,1155
1155,1154,1156
1157,1153,1158
1158,1153,1155
1158,1155,1159
1160,1161,1159
1159,1161,1162
1159,1162,1158
1158,1162,1163
1158,1163,1157
1149,1151,1164
1164,1151,1165
1164,1165,1166
1167,281,1168
1168,281,284
1168,284,283
1169,1170,1171
1171,1170,1172
274,272,1173
267,266,1174
1174,266,275
1174,275,1171
1171,275,274
1171,274,1169
1169,274,1173
1169,1173,1170
1170,1173,1175
260,258,1176
1176,258,256
1176,256,1110
1110,256,320
1110,320,265
263,262,1110
1110,262,270
1110,270,1174
1174,270,269
1174,269,267
1168,1166,1167
1167,1166,1165
1167,1165,1175
1175,1165,1151
1175,1151,1170
1170,1151,1152
1170,1152,1172
272,271,1173
1173,271,276
1173,276,1175
1175,276,278
1175,278,1167
1167,278,279
1167,279,281
1074,1073,1103
1103,1073,1176
1103,1176,1177
1177,1176,1110
1177,1110,1178
1178,1110,1174
1178,1174,1179
1180,1181,1182
1182,1181,1183
1182,1183,1184
1108,1185,1109
1109,1185,1186
1109,1186,1183
1183,1186,1187
1183,1187,1184
1188,1189,1190
1190,1189,1191
1181,1192,1183
1183,1192,1188
1183,1188,1109
1109,1188,1190
1109,1190,1107
1107,1190,1191
1107,1191,1193
1194,1195,1196
1011,1076,1197
1194,1196,1197
1197,1196,1198
1197,1198,1011
1193,1195,1107
1107,1195,1194
1107,1194,1108
1108,1194,1199
1108,1199,1185
1185,1199,1200
1185,1200,1186
1186,1200,1201
1186,1201,1187
1187,1201,1202
1187,1202,1184
930,929,1104
927,926,1106
1106,926,925
1106,925,1104
1104,925,924
1104,924,930
1105,1203,1106
1106,1203,1131
1106,1131,1120
1120,1131,1121
1120,1121,305
305,1121,1123
305,1123,1117
1117,1123,293
1117,293,300
249,251,1073
1073,251,253
1073,253,1176
1176,253,261
1176,261,260
1160,287,1161
1161,287,286
1161,286,1162
1162,286,290
1162,290,289
1148,1156,1147
1147,1156,1154
1147,1154,1111
1111,1154,1153
1111,1153,1112
1112,1153,1157
1112,1157,1124
1124,1157,1163
1124,1163,293
293,1163,1162
293,1162,291
291,1162,289
291,289,288
1076,1075,1197
1197,1075,1103
1197,1103,1194
1194,1103,1177
1194,1177,1199
1199,1177,1178
1199,1178,1200
1200,1178,1179
1200,1179,1201
1201,1179,1204
1201,1204,1202
1202,1204,1205
1202,1205,1184
1184,1205,1206
1184,1206,1182
1182,1206,1207
1182,1207,1180
1180,1207,1208
1203,1209,1131
1131,1209,1210
1131,1210,1130
1130,1210,1211
1130,1211,1129
1129,1211,1212
1129,1212,1213
1213,1208,1129
1129,1208,1207
1129,1207,1128
1128,1207,1206
1128,1206,1134
1134,1206,1205
1134,1205,1132
1132,1205,1204
1132,1204,1115
1115,1204,1179
1115,1179,1116
1116,1179,1174
1116,1174,1141
1141,1174,1171
1141,1171,1142
1142,1171,1172
1142,1172,1144
1144,1172,1152
1144,1152,1146
1146,1152,1150
1146,1150,1148
1148,1150,1149
1148,1149,1156
1156,1149,1164
1156,1164,1155
1155,1164,1166
1155,1166,1159
1159,1166,1168
1159,1168,1160
1160,1168,283
1160,283,287
1004,1002,1214
1215,837,828
1006,1005,1216
1217,1218,1219
1203,1105,1215
837,1215,836
1104,929,928
836,1215,928
928,1215,1105
928,1105,1104
1220,1221,1222
1222,1221,1223
1222,1223,1224
1224,1223,1225
1224,1225,1226
1227,1221,1209
1209,1221,1220
1209,1220,1210
1210,1220,1211
1192,1181,1228
1228,1181,1180
1228,1180,1229
1229,1180,1208
1229,1208,1213
1198,1196,1230
1230,1196,1231
1230,1231,1232
997,999,1232
995,997,1233
1233,997,1232
1233,1232,1234
1234,1232,1235
1234,1235,1236
1236,1235,1237
1236,1237,1238
1238,1237,1239
1238,1239,1240
1240,1239,1241
1240,1241,1219
1196,1195,1231
1231,1195,1193
1231,1193,1242
1242,1193,1191
1242,1191,1243
1243,1191,1189
1243,1189,1188
1232,1231,1235
1235,1231,1242
1235,1242,1237
1237,1242,1243
1237,1243,1239
1239,1243,1188
1239,1188,1241
1219,1218,1240
1240,1218,1244
1240,1244,1238
1238,1244,1245
1238,1245,1236
1236,1245,1246
1236,1246,1234
1234,1246,1247
1234,1247,1233
1233,1247,1248
1233,1248,1214
1214,1002,1233
1233,1002,1001
1233,1001,995
1249,1090,1250
1250,1090,1091
1250,1091,1251
1251,1091,1092
1251,1092,1252
1252,1092,1081
1252,1081,1253
1253,1081,1082
1254,1086,1087
1254,1087,1255
1082,1083,1253
1253,1083,1084
1253,1084,1254
1254,1084,1085
1254,1085,1086
992,1006,1080
1080,1006,1216
1080,1216,1100
1100,1216,1255
1100,1255,1101
1101,1255,1087
828,1094,1215
1215,1094,1227
1215,1227,1203
1203,1227,1209
1011,1198,1009
1009,1198,1230
1009,1230,1007
1007,1230,1232
1007,1232,1000
1000,1232,999
1211,1220,1212
1212,1220,1222
1212,1222,1213
1213,1222,1224
1213,1224,1229
1229,1224,1226
1229,1226,1228
1005,1004,1216
1216,1004,1214
1216,1214,1255
1255,1214,1248
1255,1248,1254
1254,1248,1247
1254,1247,1253
1253,1247,1246
1253,1246,1252
1252,1246,1245
1252,1245,1251
1251,1245,1244
1251,1244,1250
1250,1244,1218
1250,1218,1249
1249,1218,1217
1249,1217,1256
1094,1093,1227
1227,1093,1098
1227,1098,1221
1221,1098,1099
1221,1099,1223
1223,1099,1097
1223,1097,1096
1095,1102,1256
1256,1102,1088
1256,1088,1249
1249,1088,1089
1249,1089,1090
1096,1095,1223
1223,1095,1256
1223,1256,1225
1225,1256,1217
1225,1217,1226
1226,1217,1219
1226,1219,1228
1228,1219,1241
1228,1241,1192
1192,1241,1188
1257,1258,1259
1260,1261,1262
1263,1264,1265
1266,1267,1268
1269,1270,1271
1272,1273,1274
1274,1273,1275
1274,1275,1276
1277,1278,1279
1279,1280,1277
1277,1280,1281
1277,1281,1282
1271,1270,1281
1281,1270,1283
1281,1283,1282
1284,1285,1286
1284,1286,1287
1286,1288,1287
1287,1288,1289
1287,1289,1271
1271,1289,1290
1271,1290,1269
1291,1292,1293
1293,1292,1294
1295,1296,1297
1297,1296,1298
1297,1298,1293
1293,1298,1299
1293,1299,1291
1300,1301,1302
1303,1304,1300
1304,1305,1300
1300,1305,1306
1300,1306,1301
1307,1308,1309
1309,1308,1310
1309,1310,1311
1311,1310,1312
1311,1312,1313
1314,1315,1316
1316,1315,1317
1316,1317,1318
1314,1319,1315
1315,1319,1320
1315,1320,1309
1309,1320,1321
1309,1321,1307
1268,1267,1317
1317,1267,1322
1317,1322,1318
1323,1324,1325
1266,1268,1326
1326,1268,1327
1326,1327,1328
1328,1327,1323
1328,1323,1329
1329,1323,1325
1329,1325,1330
1331,1332,1333
1333,1332,1334
1331,1335,1336
1336,1335,1337
1338,1339,1340
1341,1339,1342
1342,1339,1338
1342,1338,1343
1343,1338,1265
1343,1265,1344
1344,1265,1264
1345,1346,1347
1347,1346,1348
1347,1348,1349
1350,1351,1352
1347,1353,1345
1345,1353,1350
1345,1350,1354
1354,1350,1352
1353,1355,1350
1350,1355,1356
1350,1356,1262
1261,1357,1262
1262,1357,1358
1262,1358,1350
1350,1358,1359
1350,1359,1351
1360,1361,1260
1362,1363,1364
1365,1366,1367
1367,1366,1368
1367,1368,1362
1362,1368,1369
1362,1369,1363
1370,1371,1372
1372,1371,1373
1374,1375,1367
1367,1375,1376
1367,1376,1365
1377,1378,1372
1372,1378,1379
1372,1379,1370
1380,1381,1382
1382,1381,1383
1382,1383,1259
1259,1383,1384
1259,1384,1257
1279,1385,1280
1280,1385,1386
1280,1386,1281
1281,1386,1387
1281,1387,1271
1271,1387,1388
1271,1388,1287
1287,1388,1389
1287,1389,1284
1284,1389,1390
1391,1297,1390
1390,1297,1293
1390,1293,1284
1284,1293,1294
1284,1294,1285
1392,1393,1394
1394,1393,1395
1394,1395,1396
1396,1395,1397
1396,1397,1398
1398,1397,1399
1398,1399,1400
1400,1399,1401
1400,1401,1402
1311,1392,1309
1309,1392,1394
1309,1394,1315
1315,1394,1396
1315,1396,1317
1317,1396,1398
1317,1398,1268
1268,1398,1400
1268,1400,1327
1327,1400,1402
1327,1402,1323
1349,1403,1347
1347,1403,1404
1347,1404,1353
1353,1404,1405
1353,1405,1355
1355,1405,1406
1355,1406,1356
1356,1406,1407
1408,1263,1409
1409,1263,1265
1409,1265,1410
1410,1265,1338
1410,1338,1335
1335,1338,1340
1335,1340,1337
1331,1333,1335
1335,1333,1411
1335,1411,1410
1410,1411,1404
1410,1404,1409
1409,1404,1403
1409,1403,1408
1313,1303,1311
1311,1303,1300
1311,1300,1392
1392,1300,1412
1392,1412,1393
1393,1412,1407
1393,1407,1395
1395,1407,1406
1395,1406,1397
1397,1406,1405
1397,1405,1399
1399,1405,1404
1399,1404,1401
1401,1404,1411
1401,1411,1402
1402,1411,1333
1402,1333,1323
1323,1333,1334
1323,1334,1324
1260,1262,1360
1360,1262,1356
1360,1356,1413
1413,1356,1407
1413,1407,1414
1414,1407,1412
1414,1412,1391
1391,1412,1300
1391,1300,1297
1297,1300,1302
1297,1302,1295
1276,1415,1274
1274,1415,1380
1274,1380,1416
1416,1380,1382
1416,1382,1417
1417,1382,1259
1417,1259,1418
1418,1259,1419
1418,1419,1420
1420,1419,1367
1420,1367,1421
1421,1367,1362
1421,1362,1422
1258,1423,1259
1259,1423,1377
1259,1377,1419
1419,1377,1372
1419,1372,1367
1367,1372,1373
1367,1373,1374
1278,1424,1279
1279,1424,1425
1279,1425,1385
1385,1425,1272
1385,1272,1386
1386,1272,1274
1386,1274,1387
1387,1274,1416
1387,1416,1388
1388,1416,1417
1388,1417,1389
1389,1417,1418
1389,1418,1390
1390,1418,1420
1390,1420,1391
1391,1420,1421
1391,1421,1414
1414,1421,1422
1414,1422,1413
1413,1422,1362
1413,1362,1360
1360,1362,1364
1360,1364,1361
1426,1427,1428
1429,1430,1431
1432,1433,1434
1434,1433,1435
1436,1437,1438
1439,1440,1441
1442,1443,1444
1444,1443,1445
1444,1445,1446
1447,1439,1448
1448,1439,1441
1448,1441,1449
1440,1450,1451
1451,1450,1452
1451,1452,1453
1454,1442,1455
1455,1442,1444
1455,1444,1456
1456,1444,1453
1456,1453,1457
1457,1453,1452
1458,1437,1459
1459,1437,1436
1459,1436,1460
1460,1436,1461
1462,1461,1463
1463,1461,1436
1463,1436,1464
1464,1436,1438
1464,1438,1465
1466,1467,1468
1469,1470,1471
1471,1470,1472
1471,1472,1473
1473,1472,1474
1473,1474,1468
1468,1474,1475
1468,1475,1466
1466,1476,1467
1467,1476,1477
1467,1477,1478
1478,1477,1479
1478,1479,1480
1430,1481,1431
1431,1481,1482
1431,1482,1483
1483,1482,1484
1483,1484,1485
1485,1484,1486
1485,1486,1487
1487,1486,1488
1487,1488,1489
1489,1488,1490
1489,1490,1491
1491,1490,1492
1491,1492,1493
1493,1492,1494
1493,1494,1495
1433,1495,1435
1435,1495,1494
1435,1494,1496
1496,1494,1492
1496,1492,1480
1480,1492,1490
1480,1490,1478
1478,1490,1488
1478,1488,1467
1467,1488,1486
1467,1486,1468
1468,1486,1484
1468,1484,1473
1473,1484,1482
1473,1482,1471
1497,1434,1498
1498,1434,1435
1498,1435,1499
1499,1435,1496
1499,1496,1500
1500,1496,1480
1500,1480,1501
1501,1480,1479
1502,1503,1504
1504,1503,1505
1505,1429,1504
1504,1429,1431
1504,1431,1506
1506,1431,1483
1506,1483,1507
1507,1483,1485
1507,1485,1508
1508,1485,1487
1508,1487,1509
1509,1487,1489
1509,1489,1510
1510,1489,1491
1510,1491,1511
1511,1491,1493
1511,1493,1512
1512,1493,1495
1512,1495,1513
1513,1495,1433
1513,1433,1514
1514,1433,1432
1428,1515,1426
1426,1515,1516
1426,1516,1517
1517,1516,1518
1517,1518,1519
1519,1518,1520
1519,1520,1521
1521,1520,1522
1523,1524,1525
1525,1524,1526
1525,1526,1527
1522,1528,1521
1521,1528,1529
1521,1529,1530
1530,1529,1531
1530,1531,1523
1523,1531,1532
1523,1532,1524
1526,1533,1534
1440,1451,1441
1441,1451,1535
1441,1535,1449
1446,1536,1444
1444,1536,1537
1444,1537,1453
1453,1537,1538
1453,1538,1451
1451,1538,1539
1451,1539,1535
1540,1469,1541
1541,1469,1471
1541,1471,1542
1542,1471,1482
1542,1482,1543
1543,1482,1481
1458,1544,1437
1437,1544,1447
1437,1447,1438
1438,1447,1448
1438,1448,1465
1526,1534,1527
1527,1534,1545
1527,1545,1546
1546,1502,1527
1527,1502,1504
1527,1504,1525
1525,1504,1506
1525,1506,1523
1523,1506,1507
1523,1507,1530
1530,1507,1508
1530,1508,1521
1521,1508,1509
1521,1509,1519
1519,1509,1510
1519,1510,1517
1517,1510,1511
1517,1511,1426
1426,1511,1512
1426,1512,1427
1427,1512,1513
1427,1513,1547
1547,1513,1514
1547,1514,1548
1549,1550,1548
1548,1550,1551
1548,1551,1547
1547,1551,1552
1547,1552,1427
1427,1552,1553
1427,1553,1428
1449,1549,1448
1448,1549,1548
1448,1548,1465
1465,1548,1514
1465,1514,1464
1464,1514,1432
1464,1432,1463
1463,1432,1434
1463,1434,1462
1462,1434,1497
1554,1555,1556
1557,1558,1559
1560,1561,1562
1563,1564,1565
1566,1567,1568
1567,1566,1569
1570,1571,1572
1573,1574,1575
1576,1577,1578
1579,1580,1581
1581,1580,1582
1583,1580,1584
1584,1580,1585
1583,1586,1580
1580,1586,1587
1580,1587,1582
1588,1589,1590
1590,1589,1591
1590,1591,1592
1592,1591,1593
1592,1593,1580
1594,1590,1595
1595,1590,1592
1595,1592,1596
1596,1592,1580
1596,1580,1597
1597,1580,1579
1598,1599,1600
1600,1599,1601
1600,1601,1602
1603,1604,1605
1605,1604,1606
1607,1608,1609
1609,1608,1610
1609,1610,1611
1611,1610,1612
1613,1612,1614
1614,1612,1610
1614,1610,1615
1615,1610,1608
1616,1613,1617
1617,1613,1614
1617,1614,1618
1618,1614,1615
1618,1615,1619
1619,1615,1608
1619,1608,1620
1620,1608,1607
1620,1607,1621
1622,1623,1606
1606,1623,1624
1572,1625,1626
1626,1625,1627
1626,1627,1628
1575,1629,1573
1573,1629,1630
1573,1630,1631
1631,1630,1632
1631,1632,1633
1574,1573,1634
1634,1573,1631
1634,1631,1635
1635,1631,1633
1635,1633,1636
1572,1571,1625
1625,1571,1637
1625,1637,1627
1638,1639,1640
1638,1640,1641
1640,1642,1641
1641,1642,1643
1641,1643,1644
1644,1643,1645
1644,1645,1568
1555,1563,1556
1556,1563,1565
1556,1565,1646
1646,1565,1647
1646,1647,1648
1648,1647,1638
1648,1638,1649
1649,1638,1641
1649,1641,1650
1650,1641,1644
1650,1644,1651
1651,1644,1568
1651,1568,1652
1652,1568,1567
1652,1567,1653
1653,1567,1569
1653,1569,1654
1654,1569,1655
1654,1655,1656
1645,1657,1568
1568,1657,1658
1568,1658,1566
1566,1658,1659
1566,1659,1660
1629,1656,1630
1630,1656,1655
1630,1655,1632
1632,1655,1569
1632,1569,1633
1633,1569,1566
1633,1566,1636
1636,1566,1660
1636,1660,1661
1497,1498,1662
1662,1498,1499
1662,1499,1663
1664,1665,1461
1627,1666,1665
1665,1666,1460
1665,1460,1461
1603,1666,1604
1604,1666,1627
1604,1627,1606
1606,1627,1667
1606,1667,1668
1668,1667,1577
1668,1577,1606
1606,1577,1576
1606,1576,1622
1561,1560,1669
1669,1560,1670
1669,1670,1671
1670,1672,1671
1671,1672,1673
1671,1673,1664
1664,1673,1674
1664,1674,1665
1665,1674,1675
1665,1675,1627
1499,1500,1663
1663,1500,1501
1663,1501,1676
1461,1462,1664
1664,1462,1497
1664,1497,1671
1671,1497,1662
1671,1662,1669
1669,1662,1663
1669,1663,1561
1561,1663,1676
1561,1676,1562
1677,1476,1466
1677,1466,1678
1476,1677,1477
1477,1677,1679
1477,1679,1479
1540,1680,1469
1469,1680,1681
1466,1475,1678
1678,1475,1474
1678,1474,1682
1682,1474,1472
1682,1472,1681
1681,1472,1470
1681,1470,1469
1501,1479,1676
1676,1479,1679
1676,1679,1562
1562,1679,1683
1562,1683,1560
1560,1683,1621
1560,1621,1670
1670,1621,1607
1670,1607,1672
1672,1607,1609
1672,1609,1673
1673,1609,1611
1673,1611,1674
1674,1611,1612
1674,1612,1675
1675,1612,1613
1675,1613,1627
1627,1613,1616
1597,1684,1596
1596,1684,1685
1596,1685,1686
1594,1452,1450
1450,1600,1594
1594,1600,1602
1594,1602,1590
1590,1602,1687
1590,1687,1588
1452,1594,1457
1457,1594,1595
1457,1595,1456
1456,1595,1596
1456,1596,1455
1455,1596,1686
1455,1686,1454
1639,1638,1688
1688,1638,1647
1688,1647,1689
1689,1647,1565
1689,1565,1559
1559,1565,1564
1559,1564,1557
1624,1690,1606
1606,1690,1691
1606,1691,1605
1605,1691,1692
1605,1692,1598
1598,1692,1693
1598,1693,1599
1680,1554,1681
1681,1554,1556
1681,1556,1682
1682,1556,1646
1682,1646,1678
1678,1646,1648
1678,1648,1677
1677,1648,1649
1677,1649,1679
1679,1649,1650
1679,1650,1683
1683,1650,1651
1683,1651,1621
1621,1651,1652
1621,1652,1620
1620,1652,1653
1620,1653,1619
1619,1653,1654
1619,1654,1618
1618,1654,1656
1618,1656,1617
1617,1656,1629
1617,1629,1616
1616,1629,1575
1616,1575,1627
1627,1575,1574
1627,1574,1628
1628,1574,1634
1628,1634,1626
1626,1634,1635
1626,1635,1572
1572,1635,1636
1572,1636,1570
1570,1636,1661
1450,1440,1600
1600,1440,1439
1600,1439,1598
1598,1439,1447
1598,1447,1605
1605,1447,1544
1605,1544,1603
1603,1544,1458
1603,1458,1666
1666,1458,1459
1666,1459,1460
1694,1695,1696
1697,1698,1699
1700,1701,1702
1703,1704,1705
1706,1585,1580
1707,1708,1709
1710,1711,1712
1710,1712,1713
1714,1715,1716
1716,1715,1717
1716,1717,1718
1719,1713,1720
1720,1713,1712
1720,1712,1721
1721,1712,1722
1721,1722,1723
1723,1722,1718
1723,1718,1724
1724,1718,1717
1725,1726,1727
1727,1726,1728
1728,1726,1729
1728,1729,1730
1727,1731,1725
1725,1731,1732
1725,1732,1733
1733,1732,1734
1733,1734,1735
1734,1736,1735
1735,1736,1737
1735,1737,1738
1738,1737,1739
1738,1739,1740
1740,1739,1741
1740,1741,1742
1690,1624,1743
1743,1624,1623
1623,1622,1744
1622,1576,1744
1744,1576,1578
1744,1578,1577
1623,1744,1743
1743,1744,1745
1743,1745,1690
1667,1746,1747
1667,1627,1746
1746,1627,1637
1746,1637,1748
1748,1637,1571
1749,1750,1751
1751,1750,1752
1753,1570,1754
1754,1570,1661
1754,1661,1660
1755,1756,1657
1750,1753,1752
1752,1753,1754
1752,1754,1757
1757,1754,1660
1757,1660,1758
1758,1660,1659
1758,1659,1756
1756,1659,1658
1756,1658,1657
1657,1645,1755
1755,1645,1643
1755,1643,1759
1759,1643,1642
1759,1642,1640
1760,1761,1639
1639,1688,1760
1760,1688,1689
1760,1689,1762
1762,1689,1559
1762,1559,1558
1558,1763,1762
1762,1763,1764
1762,1764,1765
1766,1767,1580
1580,1767,1768
1580,1768,1706
1769,1770,1580
1580,1770,1771
1580,1771,1766
1772,1773,1769
1769,1773,1774
1769,1774,1770
1588,1775,1589
1589,1775,1776
1589,1776,1591
1591,1776,1777
1778,1779,1780
1704,1772,1705
1705,1772,1769
1705,1769,1781
1588,1687,1775
1775,1687,1602
1775,1602,1782
1777,1776,1779
1779,1776,1775
1779,1775,1780
1780,1775,1782
1780,1782,1783
1784,1601,1599
1784,1599,1785
1599,1693,1785
1785,1693,1692
1785,1692,1745
1745,1692,1691
1745,1691,1690
1602,1601,1782
1782,1601,1784
1782,1784,1783
1783,1784,1785
1783,1785,1786
1786,1785,1745
1786,1745,1787
1787,1745,1744
1787,1744,1747
1747,1744,1577
1747,1577,1667
1778,1780,1788
1788,1780,1783
1788,1783,1789
1789,1783,1786
1789,1786,1790
1790,1786,1787
1790,1787,1791
1791,1787,1747
1791,1747,1749
1749,1747,1746
1749,1746,1750
1750,1746,1748
1750,1748,1753
1753,1748,1571
1753,1571,1570
1789,1792,1788
1788,1792,1781
1788,1781,1778
1778,1781,1769
1778,1769,1779
1779,1769,1580
1779,1580,1777
1777,1580,1593
1777,1593,1591
1751,1793,1749
1749,1793,1794
1749,1794,1791
1791,1794,1795
1791,1795,1790
1790,1795,1796
1790,1796,1789
1789,1796,1797
1789,1797,1792
1701,1703,1702
1702,1703,1705
1702,1705,1798
1798,1705,1781
1798,1781,1799
1799,1781,1792
1799,1792,1800
1800,1792,1797
1800,1797,1801
1801,1797,1796
1801,1796,1802
1802,1796,1795
1802,1795,1803
1803,1795,1794
1803,1794,1804
1804,1794,1793
1804,1793,1805
1805,1793,1751
1805,1751,1806
1806,1751,1752
1806,1752,1807
1807,1752,1757
1807,1757,1808
1808,1757,1758
1808,1758,1809
1809,1758,1756
1809,1756,1810
1810,1756,1755
1810,1755,1811
1811,1755,1759
1811,1759,1761
1761,1759,1640
1761,1640,1639
1730,1729,1812
1812,1729,1709
1812,1709,1813
1813,1709,1708
1813,1708,1814
1741,1815,1742
1742,1815,1816
1742,1816,1817
1817,1816,1818
1817,1818,1819
1819,1818,1820
1819,1820,1821
1821,1820,1822
1821,1822,1697
1697,1822,1823
1697,1823,1698
1695,1707,1696
1696,1707,1709
1696,1709,1824
1824,1709,1729
1824,1729,1825
1825,1729,1726
1825,1726,1826
1826,1726,1725
1826,1725,1827
1827,1725,1733
1827,1733,1828
1828,1733,1735
1828,1735,1829
1829,1735,1738
1829,1738,1830
1830,1738,1740
1830,1740,1831
1831,1740,1742
1831,1742,1832
1832,1742,1817
1832,1817,1833
1833,1817,1819
1833,1819,1834
1834,1819,1821
1834,1821,1835
1835,1821,1697
1835,1697,1714
1714,1697,1699
1714,1699,1715
1765,1694,1762
1762,1694,1696
1762,1696,1760
1760,1696,1824
1760,1824,1761
1761,1824,1825
1761,1825,1811
1811,1825,1826
1811,1826,1810
1810,1826,1827
1810,1827,1809
1809,1827,1828
1809,1828,1808
1808,1828,1829
1808,1829,1807
1807,1829,1830
1807,1830,1806
1806,1830,1831
1806,1831,1805
1805,1831,1832
1805,1832,1804
1804,1832,1833
1804,1833,1803
1803,1833,1834
1803,1834,1802
1802,1834,1835
1802,1835,1801
1801,1835,1714
1801,1714,1800
1800,1714,1716
1800,1716,1799
1799,1716,1718
1799,1718,1798
1798,1718,1722
1798,1722,1702
1702,1722,1712
1702,1712,1700
1700,1712,1711
1836,1837,1838
1454,1686,1839
1586,1583,1840
1841,1837,1842
1843,1844,1845
1846,1847,1848
1848,1847,1849
1848,1849,1850
1851,1852,1853
1853,1852,1854
1844,1843,1855
1850,1856,1848
1848,1856,1857
1848,1857,1846
1846,1857,1858
1859,1854,1858
1858,1854,1852
1858,1852,1846
1846,1852,1851
1846,1851,1847
1841,1842,1860
1861,1860,1862
1862,1860,1842
1862,1842,1863
1863,1842,1864
1863,1864,1865
1836,1866,1859
1859,1866,1867
1859,1867,1854
1443,1442,1868
1868,1442,1869
1840,1583,1870
1870,1583,1584
1870,1584,1585
1685,1684,1871
1871,1684,1597
1579,1581,1872
1872,1581,1582
1872,1582,1840
1840,1582,1587
1840,1587,1586
1873,1871,1872
1872,1871,1597
1872,1597,1579
1686,1685,1839
1839,1685,1871
1839,1871,1855
1855,1871,1873
1855,1873,1844
1843,1865,1855
1855,1865,1874
1855,1874,1839
1839,1874,1869
1839,1869,1454
1454,1869,1442
1836,1875,1866
1866,1875,1876
1866,1876,1867
1867,1876,1877
1867,1877,1854
1854,1877,1878
1854,1878,1853
1856,1864,1857
1857,1864,1842
1857,1842,1858
1858,1842,1837
1858,1837,1859
1859,1837,1836
1446,1445,1879
1879,1445,1850
1879,1850,1880
1880,1850,1849
1865,1864,1874
1874,1864,1856
1874,1856,1869
1869,1856,1850
1869,1850,1868
1868,1850,1445
1868,1445,1443
1881,1882,1883
1873,1872,1884
1885,1886,1887
1888,1889,1890
1890,1889,1891
1892,1836,1893
1894,1895,1896
1837,1897,1836
1863,1865,1898
1899,1900,1901
1901,1900,1902
1901,1902,1276
1865,1843,1903
1903,1843,1845
1903,1845,1844
1860,1862,1841
1841,1862,1904
1841,1904,1837
1837,1904,1905
1837,1905,1897
1906,1907,1908
1908,1907,1905
1908,1905,1898
1898,1905,1904
1898,1904,1863
1863,1904,1862
1909,1910,1911
1911,1910,1912
1836,1897,1912
1912,1897,1913
1912,1913,1911
1886,1914,1887
1887,1914,1915
1887,1915,1916
1916,1915,1917
1916,1917,1918
1919,1917,1920
1920,1917,1915
1920,1915,1921
1921,1915,1914
1918,1917,1922
1922,1917,1919
1922,1919,1923
1923,1919,1924
1923,1924,1925
1926,1927,1928
1928,1927,1924
1928,1924,1929
1929,1924,1919
1929,1919,1930
1930,1919,1920
1931,1918,1932
1932,1918,1922
1932,1922,1933
1933,1922,1923
1933,1923,1934
1934,1923,1925
1934,1925,1935
1892,1893,1936
1937,1938,1939
1939,1938,1940
1939,1940,1941
1941,1940,1942
1941,1942,1943
1944,1945,1946
1947,1948,1949
1949,1948,1950
1951,1942,1952
1952,1942,1940
1952,1940,1953
1953,1940,1938
1953,1938,1954
1954,1938,1937
1954,1937,1955
1947,1956,1948
1948,1956,1946
1948,1946,1950
1950,1946,1945
1907,1957,1905
1905,1957,1955
1905,1955,1897
1897,1955,1937
1897,1937,1913
1913,1937,1939
1913,1939,1911
1911,1939,1941
1911,1941,1909
1909,1941,1943
1936,1958,1892
1892,1958,1959
1892,1959,1836
1960,1961,1962
1962,1961,1963
1962,1963,1964
1958,1965,1959
1959,1965,1836
1936,1962,1958
1958,1962,1964
1958,1964,1965
1965,1964,1966
1965,1966,1967
1967,1966,1968
1951,1969,1942
1942,1969,1894
1942,1894,1943
1943,1894,1896
1943,1896,1970
1926,1971,1927
1927,1971,1945
1927,1945,1924
1924,1945,1944
1924,1944,1925
1925,1944,1972
1925,1972,1935
1973,1974,1901
1901,1974,1975
1901,1975,1899
1976,1977,1978
1978,1979,1976
1976,1979,1980
1976,1980,1981
1890,1982,1888
1888,1982,1983
1888,1983,1977
1977,1983,1984
1977,1984,1978
1985,1976,1901
1901,1976,1981
1901,1981,1973
1931,1889,1918
1918,1889,1888
1918,1888,1916
1916,1888,1977
1916,1977,1887
1887,1977,1976
1887,1976,1885
1885,1976,1985
1935,1986,1934
1934,1986,1987
1934,1987,1933
1933,1987,1988
1933,1988,1932
1932,1988,1989
1932,1989,1931
1931,1989,1990
1931,1990,1889
1889,1990,1883
1889,1883,1891
1891,1883,1882
1585,1706,1870
1870,1706,1840
1706,1768,1840
1840,1768,1767
1840,1767,1872
1872,1767,1766
1766,1771,1872
1872,1771,1770
1872,1770,1884
1884,1770,1774
1884,1774,1773
1773,1772,1884
1884,1772,1704
1884,1704,1991
1700,1992,1701
1701,1992,1991
1701,1991,1703
1703,1991,1704
1992,1993,1991
1991,1993,1994
1991,1994,1884
1884,1994,1903
1884,1903,1873
1873,1903,1844
1865,1903,1898
1898,1903,1994
1898,1994,1908
1908,1994,1993
1908,1993,1906
1906,1993,1992
1906,1992,1995
1995,1992,1700
1995,1700,1711
1711,1710,1995
1995,1710,1713
1995,1713,1719
1968,1996,1967
1967,1996,1997
1967,1997,1965
1965,1997,1836
1970,1960,1943
1943,1960,1962
1943,1962,1909
1909,1962,1936
1909,1936,1910
1910,1936,1893
1910,1893,1912
1912,1893,1836
1956,1969,1946
1946,1969,1951
1946,1951,1944
1944,1951,1952
1944,1952,1972
1972,1952,1953
1972,1953,1935
1935,1953,1954
1935,1954,1986
1986,1954,1955
1986,1955,1987
1987,1955,1957
1987,1957,1988
1988,1957,1907
1988,1907,1989
1989,1907,1906
1989,1906,1990
1990,1906,1995
1990,1995,1883
1883,1995,1719
1883,1719,1881
1998,1999,2000
2001,2002,2003
2004,2005,2006
2007,2008,2009
2009,2008,2004
2004,2006,2009
2009,2006,2010
2009,2010,2011
2012,2013,2014
2014,2013,2015
2014,2015,2016
2012,2017,2013
2013,2017,2018
2013,2018,2010
2010,2018,2019
2010,2019,2011
2003,2002,2020
2002,2021,2020
2020,2021,2022
2020,2022,2015
2015,2022,2023
2015,2023,2016
2001,2003,2024
2024,2003,2025
2024,2025,2026
2027,2028,2025
2025,2028,2029
2025,2029,2026
2030,2031,2032
2031,2030,2033
2033,2030,2034
2033,2034,2035
2035,2034,2036
2036,2034,2037
2036,2037,2038
2039,2040,2041
2041,2040,2042
2041,2042,2043
2038,2037,2044
2044,2037,2042
2044,2042,2045
2045,2042,2040
2045,2040,2046
2047,2048,2049
2049,2048,2050
2051,2052,2053
2053,2052,2054
2053,2054,2055
2055,2054,2056
2051,2057,2052
2052,2057,2058
2052,2058,2059
2058,2060,2059
2059,2060,2061
2059,2061,2047
2047,2061,2062
2047,2062,2048
2056,2054,2063
2063,2054,2064
2063,2064,2065
2065,2064,2066
2065,2066,2067
2032,2028,2030
2030,2028,2027
2030,2027,2034
2034,2027,2068
2034,2068,2037
2037,2068,2069
2037,2069,2042
2042,2069,2000
2042,2000,2043
2043,2000,1999
1540,2070,1680
1680,2070,2071
2072,1555,2071
2071,1555,1554
2071,1554,1680
1557,1564,2072
2072,1564,1563
2072,1563,1555
2073,1764,1763
2073,1763,2072
2072,1763,1558
2072,1558,1557
1764,2073,1765
1765,2073,2074
1765,2074,1694
2050,1814,2049
2049,1814,1708
2049,1708,2075
2075,1708,1707
2075,1707,2074
2074,1707,1695
2074,1695,1694
2005,2066,2006
2006,2066,2064
2006,2064,2010
2010,2064,2054
2010,2054,2013
2013,2054,2052
2013,2052,2015
2015,2052,2059
2015,2059,2020
2020,2059,2047
2020,2047,2003
2003,2047,2049
2003,2049,2025
2025,2049,2075
2025,2075,2027
2027,2075,2074
2027,2074,2068
2068,2074,2073
2068,2073,2069
2069,2073,2072
2069,2072,2000
2000,2072,2071
2000,2071,1998
1998,2071,2070
1998,2070,2076
2066,2005,2077
2078,2079,2080
2041,2043,2081
2082,2083,2084
2085,2086,2087
2087,2086,2088
2087,2088,2089
2089,2088,2090
2089,2090,2091
2092,2093,2094
2094,2093,2095
2094,2095,2096
2096,2095,2084
2096,2084,2097
2097,2084,2083
2098,2099,2100
2100,2099,2082
2101,2102,2098
2004,2008,2103
2103,2008,2104
2102,2101,2105
2105,2101,2103
2105,2103,2106
2106,2103,2104
2106,2104,2107
2039,2041,2108
2108,2041,2109
2041,2081,2109
2109,2081,2110
2109,2110,2111
2080,2079,2110
2110,2079,2112
2110,2112,2111
2113,2114,2115
2115,2114,2116
2115,2116,2080
2080,2116,2117
2080,2117,2078
1481,2118,1543
1543,2118,2076
1543,2076,1542
1481,1430,2118
2118,1430,1429
2118,1429,2119
1502,2120,1503
1503,2120,2119
1503,2119,1505
1505,2119,1429
1534,2121,1545
1545,2121,2120
1545,2120,1546
1546,2120,1502
1542,2076,1541
1541,2076,2070
1541,2070,1540
2043,1999,2081
2081,1999,2122
2081,2122,2110
2110,2122,2123
2110,2123,2080
2080,2123,2124
2080,2124,2115
2115,2124,2125
2115,2125,2113
2113,2125,2089
2113,2089,2126
2126,2089,2091
2101,2127,2103
2103,2127,2077
2103,2077,2004
2004,2077,2005
2128,1340,1339
2098,2100,2101
2101,2100,2128
2101,2128,2127
2127,2128,1339
2127,1339,1341
1341,2129,2127
2127,2129,2130
2127,2130,2077
2077,2130,2131
2077,2131,2066
2066,2131,2132
2066,2132,2067
1334,1332,2093
2093,1332,1331
2093,1331,2095
2095,1331,1336
2095,1336,1337
2082,2084,2100
2100,2084,2095
2100,2095,2128
2128,2095,1337
2128,1337,1340
1999,1998,2122
2122,1998,2076
2122,2076,2123
2123,2076,2118
2123,2118,2124
2124,2118,2119
2124,2119,2125
2125,2119,2120
2125,2120,2089
2089,2120,2121
2089,2121,2087
2087,2121,2133
2092,2085,2093
2093,2085,2087
2093,2087,1334
1334,2087,2133
1334,2133,1324
1324,2133,1325
1534,1533,2121
2121,1533,2134
2121,2134,2133
2133,2134,1330
2133,1330,1325
1289,1288,1539
1299,1298,1551
1551,1298,1552
1515,1428,1306
1298,1296,1552
1552,1296,1295
1552,1295,1553
1553,1295,1302
1553,1302,1428
1428,1302,1301
1428,1301,1306
1518,1312,1520
1520,1312,1310
1520,1310,1522
1522,1310,1308
1522,1308,1528
1316,1532,1314
1314,1532,1531
1266,1526,1267
1267,1526,1524
1267,1524,1322
1322,1524,1532
1322,1532,1318
1318,1532,1316
1308,1307,1528
1528,1307,1321
1528,1321,1529
1529,1321,1320
1529,1320,1531
1531,1320,1319
1531,1319,1314
1306,1305,1515
1515,1305,1304
1515,1304,1516
1516,1304,1303
1516,1303,1518
1518,1303,1313
1518,1313,1312
1446,2135,1536
1536,2135,1537
2135,1278,1537
1537,1278,1277
1537,1277,1282
1539,1288,1535
1535,1288,1286
1535,1286,1449
1282,1283,1537
1537,1283,1270
1537,1270,1538
1538,1270,1269
1538,1269,1539
1539,1269,1290
1539,1290,1289
1330,2134,1329
1329,2134,1328
2134,1533,1328
1328,1533,1526
1328,1526,1326
1326,1526,1266
1286,1285,1449
1449,1285,1294
1449,1294,1549
1549,1294,1550
1550,1294,1292
1550,1292,1551
1551,1292,1291
1551,1291,1299
2050,2048,2136
1881,1719,1720
2137,1737,2138
2138,1737,1736
2138,1736,2139
2139,1736,2140
1736,1734,2140
2140,1734,1732
2140,1732,2141
2141,1732,1731
2141,1731,2142
2142,1731,2143
2144,1820,2145
2145,1820,1818
2145,1818,2146
2146,1818,1816
2146,1816,2147
2147,1816,1815
2147,1815,2148
2148,1815,1741
2148,1741,2137
2137,1741,1739
2137,1739,1737
2149,2150,1720
1720,2150,1882
1720,1882,1881
2151,2152,1715
1715,2152,1717
1717,2152,2153
1717,2153,1724
1720,1721,2149
2149,1721,1723
2149,1723,2154
2154,1723,1724
2154,1724,2155
2155,1724,2153
1814,2050,1813
1813,2050,2136
1813,2136,1812
1812,2136,2156
1812,2156,1730
1730,2156,2157
1730,2157,1728
1728,2157,2143
1728,2143,1727
1727,2143,1731
1715,1699,2151
2151,1699,1698
2151,1698,2158
2158,1698,1823
2158,1823,2144
2144,1823,1822
2144,1822,1820
2159,2160,2161
2162,2163,2164
1349,1348,2165
2166,1368,1366
2167,2168,2169
2170,2171,2172
2173,2174,2172
1381,1380,1902
1902,1380,1415
1902,1415,1276
1381,2175,1383
1383,2175,1384
2176,1973,1981
1899,1975,2176
2176,1975,1974
2176,1974,1973
1381,1902,2175
2175,1902,1900
2175,1900,1384
1423,1258,2177
2177,1258,2176
2177,2176,2161
2161,2176,1981
1900,1899,1384
1384,1899,2176
1384,2176,1257
1257,2176,1258
2178,2179,2180
2180,2179,1374
2180,1374,2181
2171,2181,2172
2172,2181,1374
2172,1374,2173
2173,1374,1373
2182,2170,2183
2183,2170,2172
2183,2172,2184
2184,2172,2174
2184,2174,2185
1373,1371,2173
2173,1371,1370
2173,1370,1379
2186,2187,2188
2188,2187,2189
2168,2190,2186
2168,2167,2190
2190,2167,2191
2190,2191,2192
2192,2191,2193
2192,2193,2194
2195,2196,2197
2195,2165,2198
2198,2165,2199
2198,2199,2200
2169,2201,2167
2167,2201,2202
2167,2202,2191
2191,2202,2203
2191,2203,2193
2193,2203,2204
2193,2204,2194
2194,2204,2205
2178,2180,2206
2206,2180,2181
2206,2181,2207
2207,2181,2171
2207,2171,2208
2208,2171,2170
2208,2170,2189
2189,2170,2182
2189,2182,2188
2209,2210,2211
2211,2210,2212
2213,2214,2215
2215,2214,2216
2215,2216,2217
2218,2166,2219
2209,2211,2220
2220,2211,2221
2220,2221,2222
1369,2223,1363
1363,2223,2224
2225,2226,2227
2227,2226,2228
1358,1357,2229
1352,1351,2199
2199,1351,1359
2199,1359,2227
2227,1359,1358
2227,1358,2225
2225,1358,2229
2225,2229,2226
2226,2229,2230
1349,2165,1403
2195,2197,2165
2165,2197,1408
2165,1408,1403
1348,1346,2165
2165,1346,1345
2165,1345,2199
2199,1345,1354
2199,1354,1352
2223,2222,2224
2224,2222,2221
2224,2221,2230
2230,2221,2211
2230,2211,2226
2226,2211,2212
2226,2212,2228
1357,1261,2229
2229,1261,1260
2229,1260,2230
2230,1260,1361
2230,1361,2224
2224,1361,1364
2224,1364,1363
2231,2232,2233
2233,2232,2234
2233,2234,2235
2163,2236,2164
2164,2236,2237
2164,2237,2234
2234,2237,2238
2234,2238,2235
2239,2240,2241
2241,2240,2242
2232,2243,2234
2234,2243,2239
2234,2239,2164
2164,2239,2241
2164,2241,2162
2162,2241,2242
2162,2242,2244
2245,2246,2247
2067,2132,2248
2245,2247,2248
2248,2247,2249
2248,2249,2067
2244,2246,2162
2162,2246,2245
2162,2245,2163
2163,2245,2250
2163,2250,2236
2236,2250,2251
2236,2251,2237
2237,2251,2252
2237,2252,2238
2238,2252,2253
2238,2253,2235
1984,1983,2159
1981,1980,2161
2161,1980,1979
2161,1979,2159
2159,1979,1978
2159,1978,1984
2160,2254,2161
2161,2254,2185
2161,2185,2177
2177,2185,2174
2177,2174,1423
1423,2174,2173
1423,2173,1377
1377,2173,1379
1377,1379,1378
1343,1344,2197
2129,1341,1342
2131,2130,2196
2196,2130,2129
2196,2129,2197
2197,2129,1342
2197,1342,1343
1344,1264,2197
2197,1264,1263
2197,1263,1408
2204,2217,2205
2205,2217,2216
2205,2216,2255
2255,2216,2214
2255,2214,2256
2256,2214,2213
2256,2213,2257
2257,2213,2218
2257,2218,2258
2258,2218,2219
2258,2219,1376
2166,1366,2219
2219,1366,1365
2219,1365,1376
2186,2190,2187
2187,2190,2192
2187,2192,2189
2189,2192,2194
2189,2194,2208
2208,2194,2205
2208,2205,2207
2207,2205,2255
2207,2255,2206
2206,2255,2256
2206,2256,2178
2178,2256,2257
2178,2257,2179
2179,2257,2258
2179,2258,1374
1374,2258,1376
1374,1376,1375
2132,2131,2248
2248,2131,2196
2248,2196,2245
2245,2196,2195
2245,2195,2250
2250,2195,2198
2250,2198,2251
2251,2198,2200
2251,2200,2252
2252,2200,2259
2252,2259,2253
2253,2259,2260
2253,2260,2235
2235,2260,2261
2235,2261,2233
2233,2261,2262
2233,2262,2231
2231,2262,2263
2254,2264,2185
2185,2264,2265
2185,2265,2184
2184,2265,2266
2184,2266,2183
2183,2266,2267
2183,2267,2268
2268,2263,2183
2183,2263,2262
2183,2262,2182
2182,2262,2261
2182,2261,2188
2188,2261,2260
2188,2260,2186
2186,2260,2259
2186,2259,2168
2168,2259,2200
2168,2200,2169
2169,2200,2199
2169,2199,2201
2201,2199,2227
2201,2227,2202
2202,2227,2228
2202,2228,2203
2203,2228,2212
2203,2212,2204
2204,2212,2210
2204,2210,2217
2217,2210,2209
2217,2209,2215
2215,2209,2220
2215,2220,2213
2213,2220,2222
2213,2222,2218
2218,2222,2223
2218,2223,2166
2166,2223,1369
2166,1369,1368
2060,2058,2269
2270,1891,1882
2062,2061,2271
2272,2273,2274
2254,2160,2270
1891,2270,1890
2159,1983,1982
1890,2270,1982
1982,2270,2160
1982,2160,2159
2275,2276,2277
2277,2276,2278
2277,2278,2279
2279,2278,2280
2279,2280,2281
2282,2276,2264
2264,2276,2275
2264,2275,2265
2265,2275,2266
2243,2232,2283
2283,2232,2231
2283,2231,2284
2284,2231,2263
2284,2263,2268
2249,2247,2285
2285,2247,2286
2285,2286,2287
2053,2055,2287
2051,2053,2288
2288,2053,2287
2288,2287,2289
2289,2287,2290
2289,2290,2291
2291,2290,2292
2291,2292,2293
2293,2292,2294
2293,2294,2295
2295,2294,2296
2295,2296,2274
2247,2246,2286
2286,2246,2244
2286,2244,2297
2297,2244,2242
2297,2242,2298
2298,2242,2240
2298,2240,2239
2287,2286,2290
2290,2286,2297
2290,2297,2292
2292,2297,2298
2292,2298,2294
2294,2298,2239
2294,2239,2296
2274,2273,2295
2295,2273,2299
2295,2299,2293
2293,2299,2300
2293,2300,2291
2291,2300,2301
2291,2301,2289
2289,2301,2302
2289,2302,2288
2288,2302,2303
2288,2303,2269
2269,2058,2288
2288,2058,2057
2288,2057,2051
2304,2146,2305
2305,2146,2147
2305,2147,2306
2306,2147,2148
2306,2148,2307
2307,2148,2137
2307,2137,2308
2308,2137,2138
2309,2142,2143
2309,2143,2310
2138,2139,2308
2308,2139,2140
2308,2140,2309
2309,2140,2141
2309,2141,2142
2048,2062,2136
2136,2062,2271
2136,2271,2156
2156,2271,2310
2156,2310,2157
2157,2310,2143
1882,2150,2270
2270,2150,2282
2270,2282,2254
2254,2282,2264
2067,2249,2065
2065,2249,2285
2065,2285,2063
2063,2285,2287
2063,2287,2056
2056,2287,2055
2266,2275,2267
2267,2275,2277
2267,2277,2268
2268,2277,2279
2268,2279,2284
2284,2279,2281
2284,2281,2283
2061,2060,2271
2271,2060,2269
2271,2269,2310
2310,2269,2303
2310,2303,2309
2309,2303,2302
2309,2302,2308
2308,2302,2301
2308,2301,2307
2307,2301,2300
2307,2300,2306
2306,2300,2299
2306,2299,2305
2305,2299,2273
2305,2273,2304
2304,2273,2272
2304,2272,2311
2150,2149,2282
2282,2149,2154
2282,2154,2276
2276,2154,2155
2276,2155,2278
2278,2155,2153
2278,2153,2152
2151,2158,2311
2311,2158,2144
2311,2144,2304
2304,2144,2145
2304,2145,2146
2152,2151,2278
2278,2151,2311
2278,2311,2280
2280,2311,2272
2280,2272,2281
2281,2272,2274
2281,2274,2283
2283,2274,2296
2283,2296,2243
2243,2296,2239
